"category","subcategory","pathway","ID","Description","GeneRatio","BgRatio","RichFactor","FoldEnrichment","zScore","pvalue","p.adjust","qvalue","geneID","Count","comparison"
"Cellular Processes","Transport and catabolism","ko04142 Lysosome","ko04142","Lysosome","31/769","109/14385",0.284403669724771,5.3200868517436,10.7592176516494,5.96219986860495e-15,2.2954469494129e-12,1.44347996818857e-12,"K12392/K12389/K04646/K01195/K13443/K06564/K01204/K12384/K01052/K01373/K03662/K06497/K12301/K06546/K12373/K01365/K02146/K12396/K01205/K12391/K03661/K02155/K01192/K01074/K01201/K01135/K12350/K12385/K01363/K01374/K02144",31,"Female_Unique"
"Genetic Information Processing","Transcription","ko03040 Spliceosome","ko03040","Spliceosome","28/769","123/14385",0.227642276422764,4.25830188080814,8.62445964674288,4.5427525871324e-11,8.74479873022988e-09,5.49912155284449e-09,"K12875/K12896/K12891/K12883/K12866/K12837/K12625/K12741/K12820/K12897/K03283/K12821/K12829/K12893/K12838/K11097/K12864/K12831/K12845/K12818/K12812/K12850/K11093/K12823/K12817/K11088/K12825/K12846",28,"Female_Unique"
"Organismal Systems","Nervous system","ko04721 Synaptic vesicle cycle","ko04721","Synaptic vesicle cycle","17/769","55/14385",0.309090909090909,5.7818891121882,8.44376205230766,2.00530853425203e-09,2.45107576219935e-07,1.54134634396678e-07,"K04560/K15292/K01528/K04646/K15294/K02150/K02146/K02152/K08155/K03661/K02155/K11824/K02145/K18211/K05034/K02144/K13504",17,"Female_Unique"
"Genetic Information Processing","Folding, sorting and degradation","ko04141 Protein processing in endoplasmic reticulum","ko04141","Protein processing in endoplasmic reticulum","28/769","145/14385",0.193103448275862,3.61221469889243,7.51304709316536,2.54657222046686e-09,2.45107576219935e-07,1.54134634396678e-07,"K04523/K08057/K09487/K08056/K09542/K09561/K23741/K10666/K13249/K13250/K09490/K14026/K09054/K13984/K08288/K03283/K10086/K14008/K09517/K14000/K14020/K11718/K14006/K11863/K04440/K13251/K07151/K09523",28,"Female_Unique"
"Cellular Processes","Transport and catabolism","ko04144 Endocytosis","ko04144","Endocytosis","30/769","169/14385",0.177514792899408,3.32061156808581,7.21166149670441,5.53163581287943e-09,4.25935957591716e-07,2.67847628834162e-07,"K12493/K12480/K12482/K01528/K04646/K12182/K12494/K04705/K06564/K05758/K18442/K10591/K03283/K01115/K18467/K10396/K19476/K12186/K18443/K12485/K12492/K11824/K05093/K10365/K07904/K12185/K07901/K12495/K17918/K00910",30,"Female_Unique"
"Organismal Systems","Development and regeneration","ko04361 Axon regeneration","ko04361","Axon regeneration","17/769","59/14385",0.288135593220339,5.38989663000595,8.02963976801192,6.66352473175187e-09,4.27576170287411e-07,2.68879068123321e-07,"K23480/K00502/K00901/K06843/K04505/K12494/K19862/K12035/K10393/K11593/K01593/K06754/K23489/K04440/K09408/K23439/K04632",17,"Female_Unique"
"Cellular Processes","Transport and catabolism","ko04140 Autophagy","ko04140","Autophagy","25/769","132/14385",0.189393939393939,3.54282421089963,6.97474600127584,2.72731981251423e-08,1.16668680868664e-06,7.33664978804998e-07,"K08339/K08336/K17906/K16185/K08343/K04456/K08331/K17907/K08342/K20183/K21245/K21246/K00914/K01365/K21248/K17589/K22262/K08334/K04440/K07901/K08488/K01363/K07874/K04526/K07359",25,"Female_Unique"
"Environmental Information Processing","Signal transduction","ko04013 MAPK signaling pathway","ko04013","MAPK signaling pathway","19/769","85/14385",0.223529411764706,4.18136617455825,6.99090401051225,8.21786484691168e-08,2.87625269641909e-06,1.80871666487051e-06,"K17608/K02678/K07364/K04506/K09260/K04662/K18529/K08545/K07293/K16679/K20235/K20225/K16691/K20223/K20211/K04440/K04432/K13578/K13411",19,"Female_Unique"
"Organismal Systems","Endocrine system","ko04925 Aldosterone synthesis and secretion","ko04925","Aldosterone synthesis and secretion","16/769","65/14385",0.246153846153846,4.60458137441232,6.92178713495714,2.10079524699729e-07,6.74005141744964e-06,4.23844655095945e-06,"K02183/K04854/K08048/K13806/K13885/K01539/K07188/K16056/K05870/K12323/K01540/K08558/K08045/K04919/K04632/K18283",16,"Female_Unique"
"Cellular Processes","Transport and catabolism","ko04136 Autophagy","ko04136","Autophagy","9/769","23/14385",0.391304347826087,7.31978289138916,7.20836636287145,1.41142872836523e-06,3.88142900300439e-05,2.44081659792484e-05,"K08339/K08336/K17906/K08343/K08331/K17907/K08342/K00914/K08334",9,"Female_Unique"
"Cellular Processes","Transport and catabolism","ko04145 Phagosome","ko04145","Phagosome","17/769","95/14385",0.178947368421053,3.3474094860037,5.45522640083138,1.00665939688344e-05,0.000227978745764779,0.00014336325776049,"K08057/K12182/K13885/K10413/K03662/K00914/K02150/K05719/K01365/K02146/K02152/K08517/K03661/K02155/K02145/K08488/K02144",17,"Female_Unique"
"Cellular Processes","Transport and catabolism","ko04138 Autophagy","ko04138","Autophagy","15/769","82/14385",0.182926829268293,3.4218497256494,5.22659422816472,2.52816724471928e-05,0.000486672194608462,0.000306041298044966,"K08339/K08336/K17906/K00654/K08343/K08331/K05758/K17907/K08342/K20183/K00914/K14209/K07756/K08334/K20178",15,"Female_Unique"
"Organismal Systems","Endocrine system","ko04910 Insulin signaling pathway","ko04910","Insulin signaling pathway","15/769","88/14385",0.170454545454545,3.18854178980967,4.893864685493,5.97036299010968e-05,0.00104481352326919,0.000657025592213027,"K02183/K00665/K04456/K06269/K07192/K07197/K06086/K11262/K07188/K00693/K04372/K00871/K04440/K04526/K06277",15,"Female_Unique"
"Environmental Information Processing","Signal transduction","ko04022 cGMP-PKG signaling pathway","ko04022","cGMP-PKG signaling pathway","18/769","121/14385",0.148760330578512,2.78272738019753,4.67988510035931,7.39261409679516e-05,0.00123745931620267,0.000778169904925806,"K02183/K04456/K06269/K08048/K05853/K09260/K17751/K01539/K04348/K05870/K04514/K12323/K05863/K01540/K08045/K04952/K04526/K18283",18,"Female_Unique"
"Cellular Processes","Cell growth and death","ko04110 Cell cycle","ko04110","Cell cycle","19/769","133/14385",0.142857142857143,2.67230169050715,4.60448198521721,8.26188677658238e-05,0.00132181792928371,0.000831218383418326,"K02603/K03353/K02605/K02210/K02542/K06625/K06624/K02541/K10779/K04501/K02606/K06067/K09389/K04682/K06631/K06627/K06626/K03363/K06672",19,"Female_Unique"
"Metabolism","Amino acid metabolism","ko00280 Valine, leucine and isoleucine degradation","ko00280","Valine, leucine and isoleucine degradation","13/769","71/14385",0.183098591549296,3.42506273008663,4.86799227974701,8.58323330703706e-05,0.00132181792928371,0.000831218383418326,"K13524/K01969/K00253/K18660/K00382/K07508/K05607/K09478/K01027/K01965/K07515/K05605/K00140",13,"Female_Unique"
"Genetic Information Processing","Translation","ko03008 Ribosome biogenesis in eukaryotes","ko03008","Ribosome biogenesis in eukaryotes","14/769","83/14385",0.168674698795181,3.15524777915302,4.67967940307929,0.000117371628262811,0.00173800295696855,0.00109293419030148,"K01164/K14530/K03685/K14545/K06943/K14571/K03115/K12845/K03097/K14566/K14570/K14558/K07179/K03537",14,"Female_Unique"
"Organismal Systems","Nervous system","ko04728 Dopaminergic synapse","ko04728","Dopaminergic synapse","14/769","84/14385",0.166666666666667,3.11768530559168,4.62589849089228,0.000134044899108146,0.00184311736273701,0.00115903484191254,"K02296/K02183/K04456/K06269/K04354/K04348/K08155/K10396/K01593/K05870/K04440/K08045/K04632/K04547",14,"Female_Unique"
"Metabolism","Metabolism of cofactors and vitamins","ko00670 One carbon pool by folate","ko00670","One carbon pool by folate","12/769","65/14385",0.184615384615385,3.45343603080924,4.71127162644911,0.000146933998602122,0.00195067549868335,0.00122667222063478,"K01758/K00382/K13403/K11787/K00552/K00560/K00547/K00600/K00289/K01251/K00281/K25004",12,"Female_Unique"
"Environmental Information Processing","Signal transduction","ko04152 AMPK signaling pathway","ko04152","AMPK signaling pathway","14/769","85/14385",0.164705882352941,3.08100665493766,4.57291521053104,0.000152729611057923,0.00196003000857668,0.00123255475590605,"K00665/K00507/K04456/K07197/K04354/K11262/K07188/K00693/K05870/K09408/K07901/K06627/K04526/K07359",14,"Female_Unique"
"Genetic Information Processing","Translation","ko03013 Nucleocytoplasmic transport","ko03013","Nucleocytoplasmic transport","15/769","98/14385",0.153061224489796,2.86318038268623,4.39820688536038,0.00020919000074291,0.00259800484793615,0.00163374194128589,"K12875/K25204/K09291/K25202/K12883/K14315/K20223/K12812/K03231/K14325/K18423/K10577/K14289/K15436/K14296",15,"Female_Unique"
"Organismal Systems","Digestive system","ko04972 Pancreatic secretion","ko04972","Pancreatic secretion","12/769","69/14385",0.173913043478261,3.2532368406174,4.45860275054208,0.000264338336667646,0.00308394726112254,0.00193932432004971,"K04962/K08048/K05853/K01539/K05030/K07904/K01540/K07901/K04353/K08045/K01312/K04632",12,"Female_Unique"
"Environmental Information Processing","Signal transduction","ko04024 cAMP signaling pathway","ko04024","cAMP signaling pathway","21/769","172/14385",0.122093023255814,2.28388574711948,4.02555679938344,0.000342916160837958,0.00388302123301806,0.00244181786355202,"K02183/K04962/K04456/K06269/K08048/K05853/K01539/K07188/K01115/K16056/K05870/K05673/K04514/K12323/K04440/K05208/K01540/K04353/K08045/K04952/K04632",21,"Female_Unique"
"Genetic Information Processing","Translation","ko03015 mRNA surveillance pathway","ko03015","mRNA surveillance pathway","11/769","63/14385",0.174603174603175,3.26614651061985,4.28385399134087,0.000456016120645528,0.00487683906801468,0.00306677508036466,"K12875/K14411/K12883/K06269/K04354/K03267/K06965/K12812/K14325/K14396/K14405",11,"Female_Unique"
"Environmental Information Processing","Signal transduction","ko04330 Notch signaling pathway","ko04330","Notch signaling pathway","8/769","36/14385",0.222222222222222,4.1569137407889,4.50693592484863,0.000511461865422729,0.0053219680591284,0.00334669214928102,"K23616/K06171/K06066/K04505/K06059/K04496/K06170/K06067",8,"Female_Unique"
"Organismal Systems","Immune system","ko04612 Antigen processing and presentation","ko04612","Antigen processing and presentation","9/769","47/14385",0.191489361702128,3.58202141493512,4.21349726730763,0.000741670387436262,0.00722939746543364,0.00454616928790086,"K08057/K08059/K08056/K09490/K03283/K01365/K05870/K01363/K08065",9,"Female_Unique"
"Organismal Systems","Circulatory system","ko04261 Adrenergic signaling in cardiomyocytes","ko04261","Adrenergic signaling in cardiomyocytes","14/769","99/14385",0.141414141414141,2.64530874413839,3.90380320187532,0.000765359740302427,0.00722939746543364,0.00454616928790086,"K02183/K04962/K04456/K06269/K08048/K05853/K04860/K04354/K17751/K01539/K05870/K01540/K08045/K04632",14,"Female_Unique"
"Metabolism","Metabolism of other amino acids","ko00480 Glutathione metabolism","ko00480","Glutathione metabolism","10/769","57/14385",0.175438596491228,3.28177400588598,4.10199857775657,0.00078866154168367,0.00722939746543364,0.00454616928790086,"K05361/K00799/K00036/K18592/K21456/K10807/K00797/K11140/K11204/K01469",10,"Female_Unique"
"Organismal Systems","Endocrine system","ko04922 Glucagon signaling pathway","ko04922","Glucagon signaling pathway","10/769","57/14385",0.175438596491228,3.28177400588598,4.10199857775657,0.00078866154168367,0.00722939746543364,0.00454616928790086,"K02183/K04456/K11262/K01834/K04348/K00693/K05870/K00871/K00016/K04632",10,"Female_Unique"
"Organismal Systems","Aging","ko04211 Longevity regulating pathway","ko04211","Longevity regulating pathway","11/769","68/14385",0.161764705882353,3.02598867895663,3.97963914277557,0.00089063387707547,0.00760092979028227,0.00477980547304148,"K08339/K10141/K04456/K08048/K08331/K17589/K05870/K09408/K08045/K04526/K07359",11,"Female_Unique"
"Organismal Systems","Endocrine system","ko04911 Insulin secretion","ko04911","Insulin secretion","11/769","68/14385",0.161764705882353,3.02598867895663,3.97963914277557,0.00089063387707547,0.00760092979028227,0.00477980547304148,"K04560/K04962/K08048/K01539/K05870/K01540/K18211/K08045/K04632/K04526/K13504",11,"Female_Unique"
"Organismal Systems","Aging","ko04213 Longevity regulating pathway","ko04213","Longevity regulating pathway","10/769","58/14385",0.172413793103448,3.22519169543967,4.03535765592601,0.000908163039877881,0.00760092979028227,0.00477980547304148,"K08339/K09542/K04456/K08048/K04565/K03283/K06067/K09408/K08045/K04526",10,"Female_Unique"
"Metabolism","Lipid metabolism","ko00565 Ether lipid metabolism","ko00565","Ether lipid metabolism","7/769","31/14385",0.225806451612903,4.22396073660808,4.27033902928754,0.00103339011142945,0.00828864985209034,0.0052122746848415,"K01062/K16794/K13644/K16343/K01115/K16795/K01080",7,"Female_Unique"
"Environmental Information Processing","Signal transduction","ko04310 Wnt signaling pathway","ko04310","Wnt signaling pathway","16/769","126/14385",0.126984126984127,2.3753792804508,3.68503359373619,0.00110218076086078,0.00865999169247759,0.00544579108481161,"K02620/K04505/K04506/K22471/K04496/K02085/K03115/K04348/K04501/K03068/K03097/K04440/K04468/K01691/K04512/K04511",16,"Female_Unique"
"Organismal Systems","Endocrine system","ko04924 Renin secretion","ko04924","Renin secretion","9/769","50/14385",0.18,3.36710013003901,3.98456594221897,0.00118175056406009,0.00909947934326268,0.00572216062597517,"K02183/K05030/K04348/K16056/K05870/K12323/K01363/K08045/K04632",9,"Female_Unique"
"Metabolism","Xenobiotics biodegradation and metabolism","ko00983 Drug metabolism","ko00983","Drug metabolism","7/769","32/14385",0.21875,4.09196196358908,4.1611754269178,0.00126256579142217,0.00953113391563793,0.0059936043762043,"K01464/K00799/K01195/K00699/K01520/K10807/K01951",7,"Female_Unique"
"Metabolism","Lipid metabolism","ko00564 Glycerophospholipid metabolism","ko00564","Glycerophospholipid metabolism","15/769","117/14385",0.128205128205128,2.39821946583975,3.60881783408147,0.00141228426728345,0.010456335440464,0.00657541258046949,"K00623/K00901/K14676/K13515/K15728/K13517/K13644/K16343/K01115/K13513/K00649/K00629/K08729/K01080/K01613",15,"Female_Unique"
"Organismal Systems","Excretory system","ko04961 Endocrine and other factor-regulated calcium reabsorption","ko04961","Endocrine and other factor-regulated calcium reabsorption","7/769","33/14385",0.212121212121212,3.96796311620759,4.05636934835242,0.00152965349042102,0.0108919959343758,0.00684937543378384,"K01528/K04646/K01539/K11824/K07904/K01540/K04632",7,"Female_Unique"
"Organismal Systems","Digestive system","ko04976 Bile secretion","ko04976","Bile secretion","10/769","62/14385",0.161290322580645,3.01711481186291,3.78257635091102,0.00154387468541536,0.0108919959343758,0.00684937543378384,"K05658/K08048/K00699/K05683/K13885/K01539/K05673/K01540/K08045/K04632",10,"Female_Unique"
"Organismal Systems","Excretory system","ko04966 Collecting duct acid secretion","ko04966","Collecting duct acid secretion","5/769","17/14385",0.294117647058824,5.50179759810296,4.41357490760319,0.00155599941919655,0.0108919959343758,0.00684937543378384,"K02150/K02146/K02152/K02155/K02145",5,"Female_Unique"
"Metabolism","Global and overview maps","ko01212 Fatty acid metabolism","ko01212","Fatty acid metabolism","12/769","84/14385",0.142857142857143,2.67230169050715,3.65299690468988,0.00162938929728634,0.0110220399341877,0.00693115293195672,"K10250/K00665/K18660/K00507/K10245/K07508/K11262/K09478/K08764/K07512/K07515/K01074",12,"Female_Unique"
"Metabolism","Carbohydrate metabolism","ko00010 Glycolysis / Gluconeogenesis","ko00010","Glycolysis / Gluconeogenesis","14/769","107/14385",0.130841121495327,2.4475286511187,3.57160649684938,0.0016528201350179,0.0110220399341877,0.00693115293195672,"K01623/K03103/K00382/K00121/K15779/K01785/K01810/K01895/K01834/K01803/K01007/K00134/K00627/K00016",14,"Female_Unique"
"Metabolism","Lipid metabolism","ko00062 Fatty acid elongation","ko00062","Fatty acid elongation","6/769","25/14385",0.24,4.48946684005202,4.14982799122349,0.00168909183407032,0.0110220399341877,0.00693115293195672,"K10250/K10245/K07508/K07512/K07515/K01074",6,"Female_Unique"
"Environmental Information Processing","Signal transduction","ko04391 Hippo signaling pathway","ko04391","Hippo signaling pathway","9/769","53/14385",0.169811320754717,3.17650955664058,3.77244875635236,0.00181193625430202,0.0112776446120177,0.00709188861452921,"K04412/K04676/K04354/K16675/K16679/K16691/K05628/K04440/K06626",9,"Female_Unique"
"Organismal Systems","Endocrine system","ko04918 Thyroid hormone synthesis","ko04918","Thyroid hormone synthesis","9/769","53/14385",0.169811320754717,3.17650955664058,3.77244875635236,0.00181193625430202,0.0112776446120177,0.00709188861452921,"K09487/K08048/K09490/K01539/K05870/K01540/K08045/K04632/K13411",9,"Female_Unique"
"Organismal Systems","Sensory system","ko04745 Phototransduction","ko04745","Phototransduction","5/769","18/14385",0.277777777777778,5.19614217598613,4.23332525192337,0.00206060142516073,0.0122051007490289,0.00767511462003186,"K02183/K13806/K08834/K00910/K04547",5,"Female_Unique"
"Genetic Information Processing","Folding, sorting and degradation","ko04130 SNARE interactions in vesicular transport","ko04130","SNARE interactions in vesicular transport","7/769","35/14385",0.2,3.74122236671001,3.85860723342185,0.00219417837107838,0.0127900698310685,0.00804296940846415,"K04560/K08507/K08517/K08515/K08488/K08497/K13504",7,"Female_Unique"
"Environmental Information Processing","Signal transduction","ko04070 Phosphatidylinositol signaling system","ko04070","Phosphatidylinositol signaling system","9/769","55/14385",0.163636363636364,3.06100011821728,3.63927188182773,0.00236387145172311,0.013189717520484,0.00829428579551968,"K02183/K00901/K01092/K00913/K21797/K01107/K00914/K13024/K07756",9,"Female_Unique"
"Organismal Systems","Endocrine system","ko04928 Parathyroid hormone synthesis, secretion and action","ko04928","Parathyroid hormone synthesis, secretion and action","12/769","89/14385",0.134831460674157,2.52217238205169,3.42318056063312,0.00268467070248172,0.0147656888636495,0.00928532724166612,"K08048/K08867/K09260/K01115/K06625/K03068/K03626/K05870/K08558/K08045/K07763/K04632",12,"Female_Unique"
"Genetic Information Processing","Translation","ko03015 mRNA surveillance pathway","ko03015","mRNA surveillance pathway","15/533","63/14385",0.238095238095238,6.42589118198874,8.46616483550403,6.61664547012017e-09,1.9549502586182e-06,1.39308992408926e-06,"K14402/K14397/K13126/K14411/K14323/K12881/K14399/K15542/K11584/K12883/K06100/K14284/K12876/K04354/K13171",15,"Male_Unique"
"Organismal Systems","Development and regeneration","ko04361 Axon regeneration","ko04361","Axon regeneration","14/533","59/14385",0.23728813559322,6.4041085000159,8.15895978615054,2.22136524666229e-08,2.1443156183775e-06,1.52803094035771e-06,"K23480/K04346/K12494/K06704/K10393/K10693/K04459/K05110/K04527/K04417/K07203/K04851/K04443/K04634",14,"Male_Unique"
"Genetic Information Processing","Transcription","ko03040 Spliceosome","ko03040","Spliceosome","20/533","123/14385",0.16260162601626,4.38841349013865,7.40296919208667,2.4093433914354e-08,2.1443156183775e-06,1.52803094035771e-06,"K11086/K12836/K12881/K12824/K12828/K12829/K12865/K06063/K12860/K11095/K12883/K12821/K12838/K12848/K12823/K12839/K12843/K12871/K12624/K12876",20,"Male_Unique"
"Cellular Processes","Cell growth and death","ko04218 Cellular senescence","ko04218","Cellular senescence","19/533","117/14385",0.162393162393162,4.38278731899745,7.20664741438802,5.51566451971475e-08,3.9271531380369e-06,2.7984739984237e-06,"K07831/K02678/K09183/K04681/K23605/K04674/K10752/K05864/K07208/K04348/K21771/K06640/K07203/K04851/K02580/K04443/K10867/K07207/K10994",19,"Male_Unique"
"Cellular Processes","Cellular community - eukaryotes","ko04530 Tight junction","ko04530","Tight junction","16/533","106/14385",0.150943396226415,4.07377252292116,6.23050085759633,1.70014769133977e-06,7.04251840101153e-05,5.01847112549905e-05,"K05762/K05701/K12075/K09183/K08018/K06104/K16175/K18050/K17260/K12757/K06100/K04851/K05699/K06069/K04354/K06106",16,"Male_Unique"
"Cellular Processes","Cell growth and death","ko04110 Cell cycle","ko04110","Cell cycle","18/533","133/14385",0.135338345864662,3.65261182976202,6.02849376414708,1.97823550590211e-06,7.04251840101153e-05,5.01847112549905e-05,"K02607/K06670/K10727/K11267/K11584/K06671/K04681/K23605/K06639/K05866/K06624/K06632/K03358/K21771/K11266/K06640/K06642/K04683",18,"Male_Unique"
"Environmental Information Processing","Signal transduction","ko04310 Wnt signaling pathway","ko04310","Wnt signaling pathway","17/533","126/14385",0.134920634920635,3.64133833646029,5.84133310880534,3.96627997356907e-06,0.000128363242780963,9.14711458019279e-05,"K05122/K23491/K04515/K23605/K00181/K04506/K02677/K08957/K04496/K02432/K04348/K05128/K02105/K02157/K04468/K01691/K04511",17,"Male_Unique"
"Cellular Processes","Transport and catabolism","ko04144 Endocytosis","ko04144","Endocytosis","20/533","169/14385",0.118343195266272,3.19393407862162,5.62762848639455,4.51220125239343e-06,0.000133861970487672,9.53895177041067e-05,"K12200/K12485/K07941/K12194/K17920/K12494/K11247/K23605/K04674/K12475/K12491/K10364/K17260/K18462/K19476/K17917/K12191/K12562/K12190/K06069",20,"Male_Unique"
"Cellular Processes","Cellular community - eukaryotes","ko04520 Adherens junction","ko04520","Adherens junction","13/533","83/14385",0.156626506024096,4.22715251248898,5.78372119913921,1.05258315622206e-05,0.000288245848934655,0.000205402866922685,"K05700/K05701/K06084/K06086/K23605/K04674/K05694/K12757/K08889/K02105/K04527/K04468/K05699",13,"Male_Unique"
"Organismal Systems","Digestive system","ko04975 Fat digestion and absorption","ko04975","Fat digestion and absorption","7/533","28/14385",0.25,6.74718574108818,5.9710347531129,5.53708585963335e-05,0.00114279427524797,0.000814350740197399,"K14073/K14457/K01047/K08745/K11155/K01080/K13885",7,"Male_Unique"
"Environmental Information Processing","Signal transduction","ko04152 AMPK signaling pathway","ko04152","AMPK signaling pathway","12/533","85/14385",0.141176470588235,3.81017547732038,5.09708744122031,6.61280337188792e-05,0.00123903052652216,0.000882928317243762,"K08271/K11584/K08272/K00507/K07208/K00021/K04527/K07203/K07877/K07881/K04354/K07207",12,"Male_Unique"
"Organismal Systems","Environmental adaptation","ko04714 Thermogenesis","ko04714","Thermogenesis","19/533","188/14385",0.101063829787234,2.72758572512075,4.6770007611771,7.21006589134698e-05,0.00128339172865976,0.000914539936744538,"K02129/K18180/K03954/K09008/K03968/K15601/K11648/K12461/K02259/K01897/K08766/K16816/K07208/K18163/K02134/K00412/K07203/K07376/K07207",19,"Male_Unique"
"Environmental Information Processing","Signal transduction","ko04010 MAPK signaling pathway","ko04010","MAPK signaling pathway","22/533","243/14385",0.0905349794238683,2.44342528895374,4.45132424552916,0.00010492596557005,0.00162407146708425,0.00115730698866737,"K07831/K04412/K05121/K04346/K04445/K04428/K08018/K04403/K04674/K05866/K02677/K04437/K04459/K04348/K04378/K04527/K04417/K04438/K04468/K04851/K02580/K04443",22,"Male_Unique"
"Organismal Systems","Immune system","ko04666 Fc gamma R-mediated phagocytosis","ko04666","Fc gamma R-mediated phagocytosis","10/533","64/14385",0.15625,4.21699108818011,5.05941580028125,0.000112065174008575,0.00166230008112719,0.00118454854982748,"K04718/K07941/K05743/K13708/K02677/K18050/K17260/K01080/K04438/K12562",10,"Male_Unique"
"Organismal Systems","Endocrine system","ko04925 Aldosterone synthesis and secretion","ko04925","Aldosterone synthesis and secretion","10/533","65/14385",0.153846153846154,4.15211430220811,4.9961368664637,0.000128122583526658,0.00182446558941962,0.00130010705810209,"K16056/K04515/K05850/K02677/K18050/K08558/K01540/K13885/K04851/K04634",10,"Male_Unique"
"Genetic Information Processing","Translation","ko03010 Ribosome","ko03010","Ribosome","19/533","200/14385",0.095,2.56393058161351,4.36882853471234,0.000164207229429775,0.00224837591065385,0.00160218389848485,"K02948/K17432/K17428/K02992/K17411/K02942/K17429/K02902/K02919/K17425/K02914/K17401/K02935/K02983/K02946/K17430/K02921/K02871/K17427",19,"Male_Unique"
"Environmental Information Processing","Signal transduction","ko04071 Sphingolipid signaling pathway","ko04071","Sphingolipid signaling pathway","11/533","83/14385",0.132530120481928,3.57682135672145,4.61819398047906,0.000234821764626575,0.00309616845211335,0.00220631755458107,"K04718/K23727/K04346/K11584/K04630/K02677/K18050/K04714/K02580/K04354/K04634",11,"Male_Unique"
"Genetic Information Processing","Folding, sorting and degradation","ko03050 Proteasome","ko03050","Proteasome","8/533","49/14385",0.163265306122449,4.40632538193514,4.6850839236062,0.000397842406993237,0.00472106322965307,0.00336421123106562,"K03062/K03032/K03066/K06698/K02735/K02727/K02731/K02729",8,"Male_Unique"
"Environmental Information Processing","Signal transduction","ko04022 cGMP-PKG signaling pathway","ko04022","cGMP-PKG signaling pathway","13/533","121/14385",0.107438016528926,2.89961701269905,4.11609387189534,0.0005425856888436,0.00612894748261415,0.00436746405473096,"K04952/K04346/K09183/K05850/K04630/K18050/K04348/K04378/K01540/K04527/K04851/K07376/K04634",13,"Male_Unique"
"Metabolism","Metabolism of terpenoids and polyketides","ko00900 Terpenoid backbone biosynthesis","ko00900","Terpenoid backbone biosynthesis","9/533","64/14385",0.140625,3.7952919793621,4.39620254428017,0.00055091662765071,0.00612894748261415,0.00436746405473096,"K13273/K06013/K12505/K01823/K00869/K00021/K01597/K01641/K15890",9,"Male_Unique"
"Environmental Information Processing","Signal transduction","ko04391 Hippo signaling pathway","ko04391","Hippo signaling pathway","8/533","53/14385",0.150943396226415,4.07377252292116,4.39747581222822,0.000686816667752278,0.00698590667770889,0.00497812983243005,"K09851/K04412/K09448/K16175/K16680/K16683/K06069/K04354",8,"Male_Unique"
"Genetic Information Processing","Folding, sorting and degradation","ko04141 Protein processing in endoplasmic reticulum","ko04141","Protein processing in endoplasmic reticulum","14/533","145/14385",0.096551724137931,2.60580966552371,3.81215257643254,0.000986114981139363,0.00935830808027459,0.00666869381237781,"K09525/K09540/K09580/K09542/K24348/K14007/K09556/K14018/K04554/K14006/K10601/K09521/K07765/K08653",14,"Male_Unique"
"Genetic Information Processing","Translation","ko03013 Nucleocytoplasmic transport","ko03013","Nucleocytoplasmic transport","11/533","98/14385",0.112244897959184,3.02934870008041,3.9540885725979,0.000990121821905291,0.00935830808027459,0.00666869381237781,"K14323/K12881/K23583/K14317/K12883/K20221/K20724/K12172/K14284/K12876/K13171",11,"Male_Unique"
"Organismal Systems","Aging","ko04212 Longevity regulating pathway","ko04212","Longevity regulating pathway","8/533","56/14385",0.142857142857143,3.85553470919325,4.19972366863422,0.000998920525422569,0.00935830808027459,0.00666869381237781,"K12824/K03871/K04077/K00507/K13113/K04527/K07203/K13356",8,"Male_Unique"
"Organismal Systems","Circulatory system","ko04261 Adrenergic signaling in cardiomyocytes","ko04261","Adrenergic signaling in cardiomyocytes","11/533","99/14385",0.111111111111111,2.99874921826141,3.91442324356772,0.00107756612357159,0.00983624461516632,0.00700926952174773,"K04445/K04515/K11584/K10373/K05850/K04630/K02677/K01540/K04851/K04354/K04634",11,"Male_Unique"
"Cellular Processes","Transport and catabolism","ko04140 Autophagy","ko04140","Autophagy","13/533","132/14385",0.0984848484848485,2.6579822616408,3.75371160584703,0.00123192410959076,0.0109641245753578,0.00781299237924669,"K07831/K20184/K07874/K01365/K10435/K16186/K07208/K20181/K07203/K08488/K19330/K08770/K07207",13,"Male_Unique"
"Organismal Systems","Endocrine system","ko04910 Insulin signaling pathway","ko04910","Insulin signaling pathway","10/533","88/14385",0.113636363636364,3.06690260958554,3.8149257644868,0.00151185798762609,0.0125167777580206,0.00891940697718206,"K07189/K07192/K00688/K06086/K07208/K04527/K04438/K07203/K06069/K07207",10,"Male_Unique"
"Organismal Systems","Environmental adaptation","ko04714 Thermogenesis","ko04714","Thermogenesis","49/519","188/14385",0.26063829787234,7.22404993235764,16.6188749428308,1.02240633847291e-28,9.45725863087444e-27,7.10303350939076e-27,"K02140/K00417/K03946/K02272/K03938/K03948/K02270/K00236/K03934/K15109/K03937/K11650/K02265/K02264/K03953/K09048/K17797/K02267/K11651/K08045/K02137/K03955/K02128/K03957/K03960/K00420/K03958/K03941/K03963/K03959/K11351/K02268/K03945/K11352/K11353/K02273/K00412/K03962/K02135/K03943/K03965/K03956/K02131/K03952/K00411/K03949/K02138/K11647/K03936",49,"Shared_No_Interaction"
"Metabolism","Energy metabolism","ko00190 Oxidative phosphorylation","ko00190","Oxidative phosphorylation","49/519","224/14385",0.21875,6.06304190751445,14.775306139322,5.54642749070308e-25,2.05217817156014e-23,1.54132300794275e-23,"K02140/K00417/K03946/K02151/K02272/K03938/K03948/K02270/K00236/K03934/K03937/K02265/K02264/K03953/K02148/K02267/K02137/K02147/K03955/K02128/K03957/K03960/K02152/K00420/K03958/K03941/K03963/K03959/K11351/K02268/K03945/K11352/K11353/K02273/K00412/K03962/K02135/K03943/K03965/K03956/K02131/K02145/K03952/K01507/K00411/K03949/K02144/K02138/K03936",49,"Shared_No_Interaction"
"Organismal Systems","Nervous system","ko04723 Retrograde endocannabinoid signaling","ko04723","Retrograde endocannabinoid signaling","28/519","119/14385",0.235294117647059,6.52159129547773,11.7013116485663,1.24518369713438e-15,3.83931639949769e-14,2.883583298627e-14,"K03946/K03938/K04539/K03948/K03934/K03937/K03953/K08045/K03955/K03957/K03960/K03958/K15015/K03941/K03963/K03959/K11351/K03945/K11352/K11353/K03962/K03943/K03965/K03956/K03952/K03949/K05858/K03936",28,"Shared_No_Interaction"
"Genetic Information Processing","Folding, sorting and degradation","ko04141 Protein processing in endoplasmic reticulum","ko04141","Protein processing in endoplasmic reticulum","26/519","145/14385",0.179310344827586,4.96990233207096,9.29515737167134,1.08816688680287e-11,3.09709037013123e-10,2.32612192806442e-10,"K04555/K04571/K10578/K10839/K09542/K09027/K11519/K09481/K14010/K04079/K13989/K05546/K12668/K03237/K12275/K07342/K10601/K11718/K10085/K14012/K06689/K10956/K12666/K13719/K09586/K12669",26,"Shared_No_Interaction"
"Cellular Processes","Transport and catabolism","ko04142 Lysosome","ko04142","Lysosome","22/519","109/14385",0.201834862385321,5.59420904703824,9.31469524181637,3.83739187854489e-11,1.01416785361543e-09,7.61707861605902e-10,"K10532/K01365/K01379/K12311/K01206/K12382/K24155/K12350/K01363/K06497/K01189/K12384/K01052/K21398/K14410/K13289/K12301/K01135/K04644/K12386/K01195/K02144",22,"Shared_No_Interaction"
"Organismal Systems","Circulatory system","ko04260 Cardiac muscle contraction","ko04260","Cardiac muscle contraction","15/519","67/14385",0.223880597014925,6.2052454490553,8.26200310059773,1.14447212004635e-08,2.82303122944765e-07,2.1202851908227e-07,"K00417/K02272/K02270/K05853/K02265/K02264/K02267/K04962/K00420/K01540/K02268/K02273/K00412/K12044/K00411",15,"Shared_No_Interaction"
"Genetic Information Processing","Translation","ko03010 Ribosome","ko03010","Ribosome","26/519","200/14385",0.13,3.60317919075145,7.17219865158109,1.45197875344879e-08,3.35770086735034e-07,2.52185783493738e-07,"K02880/K02950/K02963/K17402/K02967/K17424/K17407/K02867/K02961/K02932/K02913/K02892/K17423/K02930/K02922/K02890/K17409/K02920/K02864/K02993/K02887/K02970/K02874/K02896/K17406/K17414",26,"Shared_No_Interaction"
"Metabolism","Global and overview maps","ko01212 Fatty acid metabolism","ko01212","Fatty acid metabolism","16/519","84/14385",0.19047619047619,5.27938342967245,7.61001580239114,4.3288397749698e-08,9.42159245140485e-07,7.07624582409924e-07,"K07509/K10258/K10224/K12405/K10245/K07511/K10251/K00232/K10703/K00022/K00507/K00249/K01692/K15013/K09458/K00626",16,"Shared_No_Interaction"
"Metabolism","Amino acid metabolism","ko00280 Valine, leucine and isoleucine degradation","ko00280","Valine, leucine and isoleucine degradation","14/519","71/14385",0.197183098591549,5.46527721240739,7.29701118501152,1.93129352731724e-07,3.96988113948543e-06,2.98164614743714e-06,"K07509/K08683/K09699/K07511/K00167/K14085/K00022/K00249/K00826/K00020/K01692/K01966/K05605/K00626",14,"Shared_No_Interaction"
"Cellular Processes","Transport and catabolism","ko04146 Peroxisome","ko04146","Peroxisome","14/519","74/14385",0.189189189189189,5.2437119200125,7.08067534044981,3.31227454586745e-07,6.45021885247871e-06,4.84454559617178e-06,"K12405/K13337/K13349/K01796/K00232/K03781/K13348/K11517/K12663/K13343/K00106/K12261/K13347/K11147",14,"Shared_No_Interaction"
"Genetic Information Processing","Folding, sorting and degradation","ko03060 Protein export","ko03060","Protein export","11/519","49/14385",0.224489795918367,6.22213047068538,7.0840183935666,1.01851508634051e-06,1.88425290972994e-05,1.41519990944155e-05,"K03106/K12948/K09481/K03108/K03109/K03105/K12275/K07342/K03104/K10956/K13280",11,"Shared_No_Interaction"
"Cellular Processes","Transport and catabolism","ko04140 Autophagy","ko04140","Autophagy","18/519","132/14385",0.136363636363636,3.77955859169732,6.20665455438689,1.21154256986229e-06,2.13462262309071e-05,1.60324430297567e-05,"K01365/K01379/K17606/K15464/K01363/K18082/K00922/K17888/K03237/K08337/K08268/K06276/K21248/K20179/K20180/K10802/K17987/K04382",18,"Shared_No_Interaction"
"Genetic Information Processing","Transcription","ko03040 Spliceosome","ko03040","Spliceosome","17/519","123/14385",0.138211382113821,3.83077212275013,6.09979399267292,1.9785156523142e-06,3.32750359707388e-05,2.4991776660811e-05,"K11098/K12859/K12878/K12842/K12623/K12835/K12837/K12881/K11095/K12823/K12821/K12891/K12854/K12843/K12822/K11099/K12826",17,"Shared_No_Interaction"
"Organismal Systems","Digestive system","ko04972 Pancreatic secretion","ko04972","Pancreatic secretion","12/519","69/14385",0.173913043478261,4.82030660970093,6.15403325236937,5.79150262714158e-06,9.31676509583645e-05,6.99751347169509e-05,"K01176/K01312/K01047/K05853/K14073/K04131/K08045/K04962/K01540/K04353/K05858/K05028",12,"Shared_No_Interaction"
"Metabolism","Lipid metabolism","ko01040 Biosynthesis of unsaturated fatty acids","ko01040","Biosynthesis of unsaturated fatty acids","8/519","32/14385",0.25,6.92919075144509,6.49601452680499,1.33078251891683e-05,0.000205162304999678,0.000154090607453528,"K10258/K10224/K12405/K10245/K10251/K00232/K10703/K00507",8,"Shared_No_Interaction"
"Metabolism","Lipid metabolism","ko00062 Fatty acid elongation","ko00062","Fatty acid elongation","7/519","25/14385",0.28,7.7606936416185,6.54533620209111,2.08547775925673e-05,0.000308650708369996,0.000231817317239485,"K07509/K10258/K10245/K07511/K10251/K10703/K00022",7,"Shared_No_Interaction"
"Cellular Processes","Transport and catabolism","ko04145 Phagosome","ko04145","Phagosome","13/519","95/14385",0.136842105263158,3.792820200791,5.28368092903747,3.51830957044241e-05,0.000500682515793728,0.000376046043156598,"K01365/K02151/K13885/K09481/K02148/K07342/K02147/K02152/K07375/K08492/K02145/K10956/K02144",13,"Shared_No_Interaction"
"Organismal Systems","Digestive system","ko04975 Fat digestion and absorption","ko04975","Fat digestion and absorption","7/519","28/14385",0.25,6.92919075144509,6.07561864455024,4.67557590385552e-05,0.000640727068306127,0.000481228864958229,"K01047/K13885/K14073/K14463/K14455/K00626/K08745",7,"Shared_No_Interaction"
"Metabolism","Lipid metabolism","ko00071 Fatty acid degradation","ko00071","Fatty acid degradation","10/519","60/14385",0.166666666666667,4.61946050096339,5.43525681950255,5.09433400652965e-05,0.000673179850862846,0.000505603074332266,"K07509/K00252/K07511/K14085/K00232/K00022/K00249/K01692/K15013/K00626",10,"Shared_No_Interaction"
"Organismal Systems","Endocrine system","ko03320 PPAR signaling pathway","ko03320","PPAR signaling pathway","10/519","63/14385",0.158730158730159,4.3994861913937,5.23154107677332,7.83836848529197e-05,0.00096673211318601,0.000726080449163888,"K01596/K00232/K00507/K00249/K06276/K00864/K15013/K00029/K08745/K08752",10,"Shared_No_Interaction"
"Metabolism","Metabolism of cofactors and vitamins","ko00670 One carbon pool by folate","ko00670","One carbon pool by folate","10/519","65/14385",0.153846153846154,4.26411738550467,5.10268613916382,0.000102928171904663,0.00122849753563631,0.00092268378209953,"K01934/K14085/K00288/K01251/K00602/K00600/K00605/K02437/K01697/K00789",10,"Shared_No_Interaction"
"Metabolism","Global and overview maps","ko01200 Carbon metabolism","ko01200","Carbon metabolism","29/519","377/14385",0.0769230769230769,2.13205869275233,4.30922797562717,0.000106950389747198,0.00123661388145197,0.000928779700436191,"K01681/K01057/K07511/K00236/K00030/K11529/K00161/K00232/K03781/K01079/K00927/K01754/K00600/K01900/K00605/K14454/K01966/K00058/K19269/K11517/K14455/K05605/K00948/K00029/K00033/K00025/K02437/K01053/K00626",29,"Shared_No_Interaction"
"Organismal Systems","Aging","ko04212 Longevity regulating pathway","ko04212","Longevity regulating pathway","9/519","56/14385",0.160714285714286,4.45447976878613,5.01091047761903,0.000161368651116814,0.00180928487615822,0.00135889390414159,"K00799/K00922/K03781/K00507/K08268/K19770/K01358/K11204/K09408",9,"Shared_No_Interaction"
"Metabolism","Metabolism of other amino acids","ko00480 Glutathione metabolism","ko00480","Glutathione metabolism","9/519","57/14385",0.157894736842105,4.37633100091269,4.94125851786897,0.000185597222093902,0.00201973447572776,0.0015169556233062,"K00310/K00799/K21456/K11140/K04097/K11204/K01581/K00033/K00682",9,"Shared_No_Interaction"
"Environmental Information Processing","Signal transduction","ko04013 MAPK signaling pathway","ko04013","MAPK signaling pathway","11/519","85/14385",0.129411764705882,3.58687521251275,4.62769621253966,0.000231037958501162,0.00244240127558371,0.00183440664794907,"K20225/K04623/K04404/K04497/K09237/K06689/K09031/K17383/K20228/K04461/K04382",11,"Shared_No_Interaction"
"Environmental Information Processing","Signal transduction","ko04330 Notch signaling pathway","ko04330","Notch signaling pathway","7/519","36/14385",0.194444444444444,5.38937058445729,5.10141435202877,0.000256675923464291,0.00258755945134932,0.00194343014269195,"K23616/K06172/K05948/K04497/K06057/K04496/K06051",7,"Shared_No_Interaction"
"Organismal Systems","Excretory system","ko04966 Collecting duct acid secretion","ko04966","Collecting duct acid secretion","5/519","17/14385",0.294117647058824,8.15198911934716,5.70822475039428,0.000258755945134932,0.00258755945134932,0.00194343014269195,"K02151/K02148/K02147/K02152/K02145",5,"Shared_No_Interaction"
"Metabolism","Carbohydrate metabolism","ko00630 Glyoxylate and dicarboxylate metabolism","ko00630","Glyoxylate and dicarboxylate metabolism","13/519","118/14385",0.110169491525424,3.0535416870775,4.33337341589096,0.000330055131208486,0.00321369469860895,0.00241369957448865,"K01681/K11529/K03781/K00049/K00600/K00605/K01966/K19269/K11517/K00025/K02437/K01816/K00626",13,"Shared_No_Interaction"
"Genetic Information Processing","Translation","ko03015 mRNA surveillance pathway","ko03015","mRNA surveillance pathway","9/519","63/14385",0.142857142857143,3.95953757225434,4.55449485769345,0.000403160598094052,0.0038248569562769,0.00287272329006288,"K14401/K12881/K14406/K14407/K03265/K14396/K06269/K18655/K04382",9,"Shared_No_Interaction"
"Organismal Systems","Nervous system","ko04721 Synaptic vesicle cycle","ko04721","Synaptic vesicle cycle","8/519","55/14385",0.145454545454545,4.03152916447714,4.35780625996351,0.000743707807164944,0.00687929721627573,0.00516681213398803,"K02151/K02148/K02147/K02152/K15015/K02145/K04644/K02144",8,"Shared_No_Interaction"
"Metabolism","Xenobiotics biodegradation and metabolism","ko00983 Drug metabolism","ko00983","Drug metabolism","6/519","32/14385",0.1875,5.19689306358381,4.5981111843708,0.000872436010813595,0.00787320302441536,0.00591330184479561,"K00699/K00799/K00207/K13800/K00106/K01195",6,"Shared_No_Interaction"
"Organismal Systems","Immune system","ko04624 Toll and Imd signaling pathway","ko04624","Toll and Imd signaling pathway","8/519","57/14385",0.140350877192982,3.89007200081128,4.2296187451417,0.00094773039212465,0.00816064674513657,0.00612919129648949,"K24074/K04404/K01446/K09254/K06689/K04734/K20692/K09031",8,"Shared_No_Interaction"
"Metabolism","Xenobiotics biodegradation and metabolism","ko00930 Caprolactam degradation","ko00930","Caprolactam degradation","5/519","22/14385",0.227272727272727,6.29926431949553,4.81229520032485,0.000948399486596953,0.00816064674513657,0.00612919129648949,"K07511/K00002/K00022/K01692/K01053",5,"Shared_No_Interaction"
"Metabolism","Global and overview maps","ko01240 Biosynthesis of cofactors","ko01240","Biosynthesis of cofactors","26/519","380/14385",0.068421052631579,1.8964101003955,3.42613839062576,0.00138471715459494,0.0116442124363665,0.00874558202902068,"K00699/K00228/K21456/K01599/K01939/K00288/K00002/K06134/K01495/K01885/K00453/K01772/K00826/K00600/K13800/K01719/K11153/K00861/K00963/K11204/K00939/K09458/K01195/K01053/K00789/K00275",26,"Shared_No_Interaction"
"Organismal Systems","Endocrine system","ko04919 Thyroid hormone signaling pathway","ko04919","Thyroid hormone signaling pathway","10/519","91/14385",0.10989010989011,3.04579813250333,3.78751623673126,0.0016030093805903,0.0131802993515202,0.00989928599943481,"K17903/K05853/K00922/K15133/K08268/K06276/K01540/K05860/K15156/K05858",10,"Shared_No_Interaction"
