Module_ID,module_size,de_in_module,total_genes,total_de,hypergeom_p,expected_overlap,enrichment_ratio,de_category,hypergeom_p_adj,significant
Module_03,4343,1178,39220,2366,0,261.9973992860785,4.4962278374134765,Shared_No_Interaction_annotated_with_FC,0,TRUE
Module_03,4343,1368,39220,4653,4.151803184713011e-303,515.2467873533911,2.6550383885493942,Female_Unique_annotated_with_FC,1.112683253503087e-300,TRUE
Module_05,1299,412,39220,2366,5.0639609959623896e-188,78.36394696583376,5.257519764536997,Shared_No_Interaction_annotated_with_FC,9.047610312786135e-186,TRUE
Module_09,1006,373,39220,2813,1.8890914515919064e-169,72.15395206527282,5.169502006800293,Male_Unique_annotated_with_FC,2.5313825451331544e-167,TRUE
Module_05,1299,424,39220,4653,1.8234710715757628e-90,154.1113462519123,2.7512575180994423,Female_Unique_annotated_with_FC,1.9547609887292177e-88,TRUE
Module_04,1922,338,39220,2366,3.257977949947012e-74,115.94727180010199,2.915118180466776,Shared_No_Interaction_annotated_with_FC,2.910460301952664e-72,TRUE
Module_01,5370,613,39220,2813,2.5289173980350856e-34,385.15578786333504,1.5915637757922283,Male_Unique_annotated_with_FC,1.9364281790668655e-32,TRUE
Module_01,5370,849,39220,4653,9.203675150312883e-21,637.0884752677206,1.3326249539253223,Female_Unique_annotated_with_FC,6.166462350709632e-19,FALSE
Module_31,182,56,39220,4653,8.49259550809553e-12,21.592197858235593,2.5935294020400406,Female_Unique_annotated_with_FC,5.057812435932449e-10,TRUE
Module_04,1922,214,39220,2813,6.8331063551187e-11,137.85277919428862,1.5523807445215891,Male_Unique_annotated_with_FC,3.6625450063436237e-9,TRUE
Module_16,401,17,39220,228,2.711492705925741e-10,2.331157572667007,7.29251432821455,Shared_With_Interaction_annotated_with_FC,1.3212364457965429e-8,TRUE
Module_14,421,92,39220,4653,4.313577602947638e-9,49.94678735339113,1.8419603116626413,Female_Unique_annotated_with_FC,1.9267313293166117e-7,TRUE
Module_31,182,31,39220,2366,1.5872253002599536e-7,10.979398266190719,2.8234698522103425,Shared_No_Interaction_annotated_with_FC,6.229718745070246e-6,TRUE
Module_127,36,17,39220,4653,1.6271653438616313e-7,4.270984191738909,3.980347207297562,Female_Unique_annotated_with_FC,6.229718745070246e-6,TRUE
Module_65,81,21,39220,2813,1.7655740149334381e-7,5.809612442631311,3.614698950639228,Male_Unique_annotated_with_FC,6.308984480028819e-6,TRUE
Module_04,1922,301,39220,4653,2.211658290160984e-7,228.02310045894953,1.3200416948728768,Female_Unique_annotated_with_FC,7.409055272039296e-6,FALSE
Module_11,699,87,39220,2813,3.90950628256482e-7,50.134803671596124,1.735321445953719,Male_Unique_annotated_with_FC,1.232644333796908e-5,TRUE
Module_05,1299,24,39220,228,7.008219414925599e-7,7.551555328913819,3.178153235282201,Shared_With_Interaction_annotated_with_FC,2.0868920035556228e-5,TRUE
Module_62,86,20,39220,2813,2.2148434992937327e-6,6.168230494645589,3.242420985623228,Male_Unique_annotated_with_FC,6.248190082218109e-5,TRUE
Module_23,253,55,39220,4653,5.9720496206292385e-6,30.015527791942887,1.8323849036152458,Female_Unique_annotated_with_FC,1.600509298328636e-4,TRUE
Module_84,65,16,39220,2813,1.035753775450426e-5,4.66203467618562,3.4319779047827392,Male_Unique_annotated_with_FC,2.643638207816326e-4,TRUE
Module_60,86,6,39220,228,1.1526879801615875e-5,0.499949005609383,12.001223990208079,Shared_With_Interaction_annotated_with_FC,2.80836707893914e-4,TRUE
Module_20,285,57,39220,4653,5.2666201251410116e-5,33.811958184599696,1.6857941113260262,Female_Unique_annotated_with_FC,0.0012273514726415574,TRUE
Module_121,41,11,39220,2813,1.0667236229674296e-4,2.9406680265170833,3.7406466492677724,Male_Unique_annotated_with_FC,0.0023823494246272593,TRUE
Module_86,64,14,39220,2813,1.451083458125073e-4,4.590311065782764,3.0499022396018485,Male_Unique_annotated_with_FC,0.003111122934220157,TRUE
Module_59,89,5,39220,228,1.773232288554667e-4,0.517389087200408,9.663906958407253,Shared_With_Interaction_annotated_with_FC,0.0036555865640973137,TRUE
Module_101,51,4,39220,228,2.24357339299252e-4,0.29648138704742477,13.49157206742346,Shared_With_Interaction_annotated_with_FC,0.00445390866164441,TRUE
Module_29,202,29,39220,2813,2.7766867518807755e-4,14.488169301376848,2.0016331530060225,Male_Unique_annotated_with_FC,0.00531537178217177,TRUE
Module_59,89,15,39220,2813,0.0015946781543632919,6.383401325854156,2.349844422165148,Male_Unique_annotated_with_FC,0.0294740514047836,TRUE
Module_118,42,3,39220,228,0.0018830425467233733,0.24416114227434982,12.286967418546366,Shared_With_Interaction_annotated_with_FC,0.033360137505837016,TRUE
Module_103,51,14,39220,4653,0.001929410937837589,6.050560938296788,2.313835054761212,Female_Unique_annotated_with_FC,0.033360137505837016,TRUE
Module_124,39,11,39220,4653,0.004554488913091391,4.626899541050484,2.377401951870037,Female_Unique_annotated_with_FC,0.07453184005400204,FALSE
Module_45,117,15,39220,2366,0.004588714033175499,7.058184599694034,2.1251923618787525,Shared_No_Interaction_annotated_with_FC,0.07453184005400204,FALSE
Module_45,117,24,39220,4653,0.005043974197112653,13.880698623151453,1.729019601360027,Female_Unique_annotated_with_FC,0.0795167696956583,FALSE
Module_85,64,15,39220,4653,0.006971154941485373,7.592860785313616,1.975539974210187,Female_Unique_annotated_with_FC,0.10675825853246172,FALSE
Module_12,509,79,39220,4653,0.0077484489106603455,60.38697093319735,1.3082292219524172,Female_Unique_annotated_with_FC,0.11536579489205404,FALSE
Module_115,43,8,39220,2813,0.010482893283947168,3.0841152473227944,2.5939367884985822,Male_Unique_annotated_with_FC,0.1518602918971806,FALSE
Module_58,90,13,39220,2813,0.011820481922823995,6.455124936257012,2.013903701070427,Male_Unique_annotated_with_FC,0.16673100817457004,FALSE
Module_62,86,3,39220,228,0.013929830886516961,0.499949005609383,6.000611995104039,Shared_With_Interaction_annotated_with_FC,0.19144588090187412,FALSE
Module_83,65,10,39220,2813,0.016906717258706808,4.66203467618562,2.1449861904892122,Male_Unique_annotated_with_FC,0.22655001126667124,FALSE
Module_47,110,21,39220,4653,0.01842504542085415,13.050229474757776,1.6091671062657524,Female_Unique_annotated_with_FC,0.2408737645262884,FALSE
Module_107,48,11,39220,4653,0.022677696212365695,5.694645588985211,1.9316390858944052,Female_Unique_annotated_with_FC,0.2894105992816194,FALSE
Module_121,41,2,39220,228,0.023776943032173797,0.23834778174400817,8.391099700470688,Shared_With_Interaction_annotated_with_FC,0.2963823596568641,FALSE
Module_92,61,13,39220,4653,0.024897658798628906,7.23694543600204,1.7963379874785523,Female_Unique_annotated_with_FC,0.303298752637843,FALSE
Module_20,285,5,39220,228,0.026034058124018912,1.6568077511473738,3.0178516466605108,Shared_With_Interaction_annotated_with_FC,0.3100945589883142,FALSE
Module_101,51,8,39220,2813,0.02780429806958591,3.65790413054564,2.1870447432439026,Male_Unique_annotated_with_FC,0.32398051663691413,FALSE
Module_18,323,50,39220,4653,0.03002773903728708,38.32021927587965,1.3047942038127138,Female_Unique_annotated_with_FC,0.3361947798388923,FALSE
Module_12,509,7,39220,228,0.030106995209453043,2.9590005099439063,2.3656636680108916,Shared_With_Interaction_annotated_with_FC,0.3361947798388923,FALSE
Module_49,108,13,39220,2813,0.04556603765347399,7.746149923508414,1.6782530842253558,Male_Unique_annotated_with_FC,0.4984366567808583,FALSE
Module_38,147,3,39220,228,0.054731552681863874,0.8545639979602244,3.5105621195846757,Shared_With_Interaction_annotated_with_FC,0.5867222447495808,FALSE
Module_76,69,9,39220,2813,0.05751389354494556,4.948929117797042,1.8185752484582451,Male_Unique_annotated_with_FC,0.5993637834783136,FALSE
Module_77,67,2,39220,228,0.058147232725508036,0.3894951555328914,5.134852055511914,Shared_With_Interaction_annotated_with_FC,0.5993637834783136,FALSE
Module_03,4343,33,39220,228,0.0663197600430898,25.24742478327384,1.307063998933553,Shared_With_Interaction_annotated_with_FC,0.6707054977942666,FALSE
Module_09,1006,10,39220,228,0.07069225912598262,5.848240693523713,1.709915942938858,Shared_With_Interaction_annotated_with_FC,0.7016861276208645,FALSE
Module_116,42,6,39220,2813,0.07748752637914699,3.0123916369199386,1.9917728911685544,Male_Unique_annotated_with_FC,0.7551511661676871,FALSE
Module_66,80,2,39220,228,0.07918320388363687,0.465068842427333,4.300438596491228,Shared_With_Interaction_annotated_with_FC,0.7578963800290957,FALSE
Module_73,74,9,39220,2813,0.08206321474351225,5.307547169811321,1.6956985424813367,Male_Unique_annotated_with_FC,0.7716821596933784,FALSE
Module_98,53,10,39220,4653,0.09142939712250082,6.287837837837838,1.5903718031377605,Female_Unique_annotated_with_FC,0.84493373892518,FALSE
Module_57,90,2,39220,228,0.09671502088248272,0.5232024477307496,3.8226120857699804,Shared_With_Interaction_annotated_with_FC,0.8786313761527245,FALSE
Module_56,92,2,39220,228,0.10034360077909932,0.5348291687914329,3.7395118230358504,Shared_With_Interaction_annotated_with_FC,0.8964028336266205,FALSE
Module_57,90,10,39220,2813,0.11049517902369187,6.455124936257012,1.5491566931310976,Male_Unique_annotated_with_FC,0.9709084583065385,FALSE
Module_19,320,4,39220,228,0.11724350315303593,1.860275369709332,2.150219298245614,Shared_With_Interaction_annotated_with_FC,1,FALSE
Module_10,856,8,39220,228,0.12796595442199485,4.976236613972463,1.6076405968191507,Shared_With_Interaction_annotated_with_FC,1,FALSE
Module_75,71,8,39220,2813,0.13519438275996995,5.092376338602754,1.5709758014850568,Male_Unique_annotated_with_FC,1,FALSE
Module_60,86,9,39220,2813,0.16282072554246876,6.168230494645589,1.4590894435304524,Male_Unique_annotated_with_FC,1,FALSE
Module_99,53,9,39220,4653,0.1711158921145664,6.287837837837838,1.4313346228239845,Female_Unique_annotated_with_FC,1,FALSE
Module_58,90,8,39220,2366,0.17562981640028313,5.42937276899541,1.473466704235935,Shared_No_Interaction_annotated_with_FC,1,FALSE
Module_129,34,1,39220,228,0.17988827664587514,0.19765425803161651,5.059339525283798,Shared_With_Interaction_annotated_with_FC,1,FALSE
Module_23,253,3,39220,228,0.18303748821489413,1.4707802141764406,2.0397337216559186,Shared_With_Interaction_annotated_with_FC,1,FALSE
Module_122,40,7,39220,4653,0.19012315837014393,4.74553799082101,1.4750698474102728,Female_Unique_annotated_with_FC,1,FALSE
Module_113,44,5,39220,2813,0.20575094674841454,3.15583885772565,1.584364799793168,Male_Unique_annotated_with_FC,1,FALSE
Module_45,117,11,39220,2813,0.2178920144905541,8.391662417134116,1.3108248941878518,Male_Unique_annotated_with_FC,1,FALSE
Module_47,110,9,39220,2366,0.2192659897816656,6.63590005099439,1.3562591254898948,Shared_No_Interaction_annotated_with_FC,1,FALSE
Module_129,34,4,39220,2813,0.22471817884509634,2.438602753697093,1.640283557432927,Male_Unique_annotated_with_FC,1,FALSE
Module_59,89,13,39220,4653,0.2540559735389577,10.558822029576747,1.2311979464740639,Female_Unique_annotated_with_FC,1,FALSE
Module_60,86,7,39220,2366,0.2617213684030473,5.1880673125956145,1.3492500344020917,Shared_No_Interaction_annotated_with_FC,1,FALSE
Module_90,62,6,39220,2813,0.2842871048821389,4.446863844977052,1.3492655069206336,Male_Unique_annotated_with_FC,1,FALSE
Module_71,76,11,39220,4653,0.2880665657388121,9.016522182559918,1.2199825805648876,Female_Unique_annotated_with_FC,1,FALSE
Module_92,61,1,39220,228,0.29947335405639974,0.35461499235084143,2.8199597354040837,Shared_With_Interaction_annotated_with_FC,1,FALSE
Module_30,191,2,39220,228,0.3049693079699217,1.1103518612952574,1.8012308257554883,Shared_With_Interaction_annotated_with_FC,1,FALSE
Module_86,64,1,39220,228,0.3116388298045728,0.3720550739418664,2.6877741228070176,Shared_With_Interaction_annotated_with_FC,1,FALSE
Module_79,65,1,39220,228,0.3156470621777612,0.3778684344722081,2.6464237516869096,Shared_With_Interaction_annotated_with_FC,1,FALSE
Module_29,202,14,39220,2366,0.33519690160932153,12.185925548189699,1.1488663659265335,Shared_No_Interaction_annotated_with_FC,1,FALSE
Module_13,505,4,39220,228,0.33822801556315996,2.9357470678225397,1.3625151988883097,Shared_With_Interaction_annotated_with_FC,1,FALSE
Module_120,41,4,39220,2813,0.33885269400625834,2.9406680265170833,1.3602351451882808,Male_Unique_annotated_with_FC,1,FALSE
Module_74,72,1,39220,228,0.34306149315167034,0.4185619581845997,2.3891325536062378,Shared_With_Interaction_annotated_with_FC,1,FALSE
Module_83,65,9,39220,4653,0.36440010955846897,7.7114992350841405,1.1670882309180182,Female_Unique_annotated_with_FC,1,FALSE
Module_114,43,6,39220,4653,0.40276399983366007,5.1014533401325854,1.17613542650653,Female_Unique_annotated_with_FC,1,FALSE
Module_94,59,5,39220,2813,0.4179738605367297,4.231693013768486,1.1815601896762609,Male_Unique_annotated_with_FC,1,FALSE
Module_54,94,1,39220,228,0.42230149444310994,0.5464558898521162,1.8299738708473312,Shared_With_Interaction_annotated_with_FC,1,FALSE
Module_51,96,1,39220,228,0.42901483895931125,0.5580826109127995,1.7918494152046784,Shared_With_Interaction_annotated_with_FC,1,FALSE
Module_29,202,25,39220,4653,0.4428279691410611,23.9649668536461,1.0431894253255112,Female_Unique_annotated_with_FC,1,FALSE
Module_59,89,6,39220,2366,0.45054161935404247,5.369046404895461,1.1175168824261306,Shared_No_Interaction_annotated_with_FC,1,FALSE
Module_89,62,5,39220,2813,0.460990992444796,4.446863844977052,1.1243879224338613,Male_Unique_annotated_with_FC,1,FALSE
Module_48,108,1,39220,228,0.4676946616597373,0.6278429372768995,1.5927550357374918,Shared_With_Interaction_annotated_with_FC,1,FALSE
Module_44,121,15,39220,4653,0.469506925160064,14.355252422233555,1.0449137053673716,Female_Unique_annotated_with_FC,1,FALSE
Module_95,55,7,39220,4653,0.48265191684419195,6.525114737378888,1.0727780708438348,Female_Unique_annotated_with_FC,1,FALSE
Module_10,856,62,39220,2813,0.48710788159020635,61.39541050484447,1.0098474705223743,Male_Unique_annotated_with_FC,1,FALSE
Module_133,31,4,39220,4653,0.5102303333717322,3.6777919428862824,1.0876091040813072,Female_Unique_annotated_with_FC,1,FALSE
Module_48,108,8,39220,2813,0.5152127707467329,7.746149923508414,1.032771128754065,Male_Unique_annotated_with_FC,1,FALSE
Module_43,125,1,39220,228,0.518066142783002,0.7266700662927078,1.376140350877193,Shared_With_Interaction_annotated_with_FC,1,FALSE
Module_65,81,5,39220,2366,0.5444751380917794,4.8864354920958695,1.0232407668305104,Shared_No_Interaction_annotated_with_FC,1,FALSE
Module_134,30,2,39220,2366,0.547625607162227,1.80979092299847,1.1051000281769512,Shared_No_Interaction_annotated_with_FC,1,FALSE
Module_34,169,12,39220,2813,0.5572190568383963,12.12129015808261,0.9899936263796364,Male_Unique_annotated_with_FC,1,FALSE
Module_52,95,11,39220,4653,0.5815933174563208,11.270652728199899,0.9759860644519098,Female_Unique_annotated_with_FC,1,FALSE
Module_117,42,3,39220,2813,0.5881205732419431,3.0123916369199386,0.9958864455842772,Male_Unique_annotated_with_FC,1,FALSE
Module_03,4343,308,39220,2813,0.5958628037686214,311.49563997960223,0.9887778847247071,Male_Unique_annotated_with_FC,1,FALSE
Module_51,96,11,39220,4653,0.5960350884701329,11.389291177970422,0.9658195429472026,Female_Unique_annotated_with_FC,1,FALSE
Module_101,51,3,39220,2366,0.6012316609937396,3.0766445690973994,0.9750882601561335,Shared_No_Interaction_annotated_with_FC,1,FALSE
Module_114,43,3,39220,2813,0.6043130530362095,3.0841152473227944,0.9727262956869683,Male_Unique_annotated_with_FC,1,FALSE
Module_36,160,1,39220,228,0.6073173238351183,0.930137684854666,1.075109649122807,Shared_With_Interaction_annotated_with_FC,1,FALSE
Module_22,260,15,39220,2366,0.6082302893526992,15.684854665986741,0.9563365628454387,Shared_No_Interaction_annotated_with_FC,1,FALSE
Module_58,90,10,39220,4653,0.6359806788686433,10.677460479347271,0.9365522840700147,Female_Unique_annotated_with_FC,1,FALSE
Module_49,108,12,39220,4653,0.6399302125009492,12.812952575216727,0.9365522840700146,Female_Unique_annotated_with_FC,1,FALSE
Module_108,47,3,39220,2813,0.6647531195126828,3.371009688934217,0.8899410790327583,Male_Unique_annotated_with_FC,1,FALSE
Module_41,138,15,39220,4653,0.680022228083948,16.372106068332485,0.9161924518076229,Female_Unique_annotated_with_FC,1,FALSE
Module_29,202,1,39220,228,0.6929554908379831,1.1742988271290158,0.8515719993051937,Shared_With_Interaction_annotated_with_FC,1,FALSE
Module_123,39,4,39220,4653,0.6954004388953887,4.626899541050484,0.8645098006800135,Female_Unique_annotated_with_FC,1,FALSE
Module_14,421,2,39220,228,0.7042850183215135,2.44742478327384,0.8171854815185232,Shared_With_Interaction_annotated_with_FC,1,FALSE
Module_134,30,3,39220,4653,0.7077622119849473,3.5591534931157573,0.8428970556630131,Female_Unique_annotated_with_FC,1,FALSE
Module_27,212,1,39220,228,0.710434949465117,1.2324324324324325,0.8114035087719298,Shared_With_Interaction_annotated_with_FC,1,FALSE
Module_64,83,5,39220,2813,0.718771872678561,5.953059663437022,0.8399042312156553,Male_Unique_annotated_with_FC,1,FALSE
Module_15,413,27,39220,2813,0.719395340717099,29.621851096379398,0.9114892891788299,Male_Unique_annotated_with_FC,1,FALSE
Module_117,42,2,39220,2366,0.7292606965966668,2.533707292197858,0.7893571629835366,Shared_No_Interaction_annotated_with_FC,1,FALSE
Module_120,41,4,39220,4653,0.7329122893738507,4.864176440591535,0.8223385908907445,Female_Unique_annotated_with_FC,1,FALSE
Module_132,32,3,39220,4653,0.7488656318984757,3.796430392656808,0.7902159896840748,Female_Unique_annotated_with_FC,1,FALSE
Module_25,238,1,39220,228,0.7513823249049885,1.3835798062213156,0.7227627893262568,Shared_With_Interaction_annotated_with_FC,1,FALSE
Module_84,65,3,39220,2366,0.7594277811457659,3.9212136664966852,0.7650692502763509,Shared_No_Interaction_annotated_with_FC,1,FALSE
Module_31,182,11,39220,2813,0.7631417337340891,13.053697093319736,0.842673146263619,Male_Unique_annotated_with_FC,1,FALSE
Module_95,55,3,39220,2813,0.7647341946807091,3.9447985721570626,0.7604951039007207,Male_Unique_annotated_with_FC,1,FALSE
Module_06,1297,6,39220,228,0.7682998198423034,7.5399286078531365,0.7957635028202735,Shared_With_Interaction_annotated_with_FC,1,FALSE
Module_22,260,16,39220,2813,0.7718123037000785,18.64813870474248,0.8579944761956848,Male_Unique_annotated_with_FC,1,FALSE
Module_63,83,8,39220,4653,0.7828406507334731,9.846991330953594,0.812430897024591,Female_Unique_annotated_with_FC,1,FALSE
Module_02,4782,330,39220,2813,0.7893308967812716,342.9823049464559,0.9621487617313593,Male_Unique_annotated_with_FC,1,FALSE
Module_72,75,4,39220,2813,0.7950270984320971,5.379270780214177,0.7435952127029268,Male_Unique_annotated_with_FC,1,FALSE
Module_110,45,4,39220,4653,0.7972888340536143,5.338730239673636,0.7492418272560117,Female_Unique_annotated_with_FC,1,FALSE
Module_57,90,4,39220,2366,0.7992768854653334,5.42937276899541,0.7367333521179675,Shared_No_Interaction_annotated_with_FC,1,FALSE
Module_70,76,4,39220,2813,0.8034414633255563,5.450994390617032,0.7338110651673622,Male_Unique_annotated_with_FC,1,FALSE
Module_47,110,6,39220,2813,0.8090177068538835,7.889597144314125,0.7604951039007207,Male_Unique_annotated_with_FC,1,FALSE
Module_105,50,2,39220,2366,0.8126302494368247,3.01631820499745,0.6630600169061708,Shared_No_Interaction_annotated_with_FC,1,FALSE
Module_53,94,5,39220,2813,0.8127643443717577,6.742019377868434,0.7416175658606319,Male_Unique_annotated_with_FC,1,FALSE
Module_30,191,11,39220,2813,0.8140361770827758,13.699209586945436,0.8029660346595742,Male_Unique_annotated_with_FC,1,FALSE
Module_103,51,2,39220,2366,0.8212587632508281,3.0766445690973994,0.650058840104089,Shared_No_Interaction_annotated_with_FC,1,FALSE
Module_46,113,6,39220,2813,0.8286443107912648,8.104767975522693,0.7403049683989317,Male_Unique_annotated_with_FC,1,FALSE
Module_09,1006,54,39220,2366,0.8323417797688275,60.6883222845487,0.8897922692080821,Shared_No_Interaction_annotated_with_FC,1,FALSE
Module_67,79,7,39220,4653,0.8421184365055596,9.372437531871494,0.7468708088153281,Female_Unique_annotated_with_FC,1,FALSE
Module_18,323,1,39220,228,0.8490777826461144,1.8777154513003569,0.5325620552930314,Shared_With_Interaction_annotated_with_FC,1,FALSE
Module_81,65,3,39220,2813,0.8540773388836838,4.66203467618562,0.6434958571467636,Male_Unique_annotated_with_FC,1,FALSE
Module_125,39,3,39220,4653,0.8572578833798531,4.626899541050484,0.6483823505100101,Female_Unique_annotated_with_FC,1,FALSE
Module_109,47,2,39220,2813,0.8600228050372676,3.371009688934217,0.5932940526885055,Male_Unique_annotated_with_FC,1,FALSE
Module_78,66,3,39220,2813,0.8611358264375564,4.7337582865884755,0.6337459199172673,Male_Unique_annotated_with_FC,1,FALSE
Module_77,67,3,39220,2813,0.8678924885639612,4.805481896991331,0.6242870255901438,Male_Unique_annotated_with_FC,1,FALSE
Module_107,48,2,39220,2813,0.8679035617530677,3.442733299337073,0.5809337599241616,Male_Unique_annotated_with_FC,1,FALSE
Module_89,62,5,39220,4653,0.873332177319676,7.355583885772565,0.679755690050817,Female_Unique_annotated_with_FC,1,FALSE
Module_94,59,2,39220,2366,0.8783530447100893,3.5592554818969915,0.5619152685645514,Shared_No_Interaction_annotated_with_FC,1,FALSE
Module_54,94,8,39220,4653,0.882249964744745,11.152014278429373,0.7173591963089473,Female_Unique_annotated_with_FC,1,FALSE
Module_26,230,22,39220,4653,0.8841673730460967,27.286843447220807,0.8062493575907081,Female_Unique_annotated_with_FC,1,FALSE
Module_43,125,11,39220,4653,0.8886818578046561,14.829806221315655,0.7417494089834515,Female_Unique_annotated_with_FC,1,FALSE
Module_103,51,2,39220,2813,0.8891589477448036,3.65790413054564,0.5467611858109757,Male_Unique_annotated_with_FC,1,FALSE
Module_116,42,3,39220,4653,0.8894951480436671,4.98281489036206,0.6020693254735808,Female_Unique_annotated_with_FC,1,FALSE
Module_118,42,3,39220,4653,0.8894951480436671,4.98281489036206,0.6020693254735808,Female_Unique_annotated_with_FC,1,FALSE
Module_17,384,1,39220,228,0.8945881420774919,2.232330443651198,0.4479623538011696,Shared_With_Interaction_annotated_with_FC,1,FALSE
Module_96,54,4,39220,4653,0.8967299484108082,6.406476287608363,0.6243681893800097,Female_Unique_annotated_with_FC,1,FALSE
Module_97,54,4,39220,4653,0.8967299484108082,6.406476287608363,0.6243681893800097,Female_Unique_annotated_with_FC,1,FALSE
Module_74,72,3,39220,2813,0.8974910803729321,5.164099949005609,0.5809337599241616,Male_Unique_annotated_with_FC,1,FALSE
Module_96,54,2,39220,2813,0.9072005143203914,3.873074961754207,0.5163855643770325,Male_Unique_annotated_with_FC,1,FALSE
Module_132,32,1,39220,2813,0.9076899177591027,2.295155532891382,0.4357003199431212,Male_Unique_annotated_with_FC,1,FALSE
Module_77,67,5,39220,4653,0.9116563212539628,7.9487761346251915,0.6290276534798606,Female_Unique_annotated_with_FC,1,FALSE
Module_131,34,1,39220,2813,0.9204668678459996,2.438602753697093,0.41007088935823177,Male_Unique_annotated_with_FC,1,FALSE
Module_128,34,2,39220,4653,0.9239465959667147,4.0337072921978585,0.4958217974488312,Female_Unique_annotated_with_FC,1,FALSE
Module_129,34,2,39220,4653,0.9239465959667147,4.0337072921978585,0.4958217974488312,Female_Unique_annotated_with_FC,1,FALSE
Module_130,34,2,39220,4653,0.9239465959667147,4.0337072921978585,0.4958217974488312,Female_Unique_annotated_with_FC,1,FALSE
Module_116,42,1,39220,2366,0.9268148035673025,2.533707292197858,0.3946785814917683,Shared_No_Interaction_annotated_with_FC,1,FALSE
Module_67,79,3,39220,2813,0.9289098854068722,5.666165221825599,0.5294586166397423,Male_Unique_annotated_with_FC,1,FALSE
Module_94,59,4,39220,4653,0.9308833097816974,6.999668536460989,0.571455630957975,Female_Unique_annotated_with_FC,1,FALSE
Module_55,93,7,39220,4653,0.9352089095827679,11.033375828658848,0.6344386440474292,Female_Unique_annotated_with_FC,1,FALSE
Module_01,5370,24,39220,228,0.9362938338321005,31.217746047934728,0.7687934921101637,Shared_With_Interaction_annotated_with_FC,1,FALSE
Module_74,72,2,39220,2366,0.9364472946937504,4.343498215196329,0.4604583450737297,Shared_No_Interaction_annotated_with_FC,1,FALSE
Module_93,61,2,39220,2813,0.9391560148874459,4.3751402345741965,0.45712820453048786,Male_Unique_annotated_with_FC,1,FALSE
Module_50,105,8,39220,4653,0.9406328723211776,12.45703722590515,0.6422072805051529,Female_Unique_annotated_with_FC,1,FALSE
Module_88,62,2,39220,2813,0.9427614933244479,4.446863844977052,0.4497551689735445,Male_Unique_annotated_with_FC,1,FALSE
Module_123,39,1,39220,2813,0.9452000128771503,2.7972208057113717,0.3574976984148687,Male_Unique_annotated_with_FC,1,FALSE
Module_87,62,4,39220,4653,0.9461041319789869,7.355583885772565,0.5438045520406536,Female_Unique_annotated_with_FC,1,FALSE
Module_122,40,1,39220,2813,0.9491343780994922,2.8689444161142275,0.34856025595449697,Male_Unique_annotated_with_FC,1,FALSE
Module_107,48,1,39220,2366,0.9496388703198144,2.8956654767975523,0.3453437588052973,Shared_No_Interaction_annotated_with_FC,1,FALSE
Module_101,51,3,39220,4653,0.9506988383003725,6.050560938296788,0.4958217974488312,Female_Unique_annotated_with_FC,1,FALSE
Module_79,65,2,39220,2813,0.9523964709263313,4.66203467618562,0.4289972380978424,Male_Unique_annotated_with_FC,1,FALSE
Module_119,42,1,39220,2813,0.956176244585877,3.0123916369199386,0.33196214852809236,Male_Unique_annotated_with_FC,1,FALSE
Module_68,77,5,39220,4653,0.9590371577564722,9.135160632330443,0.5473357504305281,Female_Unique_annotated_with_FC,1,FALSE
Module_33,174,14,39220,4653,0.9595008785064166,20.643090260071393,0.6781930332920795,Female_Unique_annotated_with_FC,1,FALSE
Module_100,52,1,39220,2366,0.9607479185984101,3.136970933197348,0.3187788542818129,Shared_No_Interaction_annotated_with_FC,1,FALSE
Module_49,108,3,39220,2366,0.9618808627558992,6.515247322794493,0.4604583450737297,Shared_No_Interaction_annotated_with_FC,1,FALSE
Module_97,54,1,39220,2366,0.9653469051191769,3.2576236613972465,0.30697223004915314,Shared_No_Interaction_annotated_with_FC,1,FALSE
Module_117,42,2,39220,4653,0.9669874704688037,4.98281489036206,0.40137955031572053,Female_Unique_annotated_with_FC,1,FALSE
Module_38,147,11,39220,4653,0.9686728919324346,17.43985211626721,0.630739293353275,Female_Unique_annotated_with_FC,1,FALSE
Module_62,86,2,39220,2366,0.9691967931064466,5.1880673125956145,0.38550000982916904,Shared_No_Interaction_annotated_with_FC,1,FALSE
Module_64,83,5,39220,4653,0.9748391236824697,9.846991330953594,0.5077693106403693,Female_Unique_annotated_with_FC,1,FALSE
Module_30,191,6,39220,2366,0.9761465315289063,11.52233554309026,0.5207277619681969,Shared_No_Interaction_annotated_with_FC,1,FALSE
Module_104,51,1,39220,2813,0.9775895443396609,3.65790413054564,0.27338059290548783,Male_Unique_annotated_with_FC,1,FALSE
Module_92,61,1,39220,2366,0.9775974606788578,3.6799082100968894,0.27174590856810277,Shared_No_Interaction_annotated_with_FC,1,FALSE
Module_100,52,1,39220,2813,0.9791989959920527,3.7296277409484957,0.26812327381115153,Male_Unique_annotated_with_FC,1,FALSE
Module_108,47,2,39220,4653,0.9806789386603605,5.576007139214687,0.35867959815447364,Female_Unique_annotated_with_FC,1,FALSE
Module_93,61,3,39220,4653,0.9809468289382399,7.23694543600204,0.41453953557197365,Female_Unique_annotated_with_FC,1,FALSE
Module_85,64,1,39220,2366,0.9814178512711418,3.8608873023967365,0.2590078191039729,Shared_No_Interaction_annotated_with_FC,1,FALSE
Module_66,80,2,39220,2813,0.981443851347154,5.737888832228455,0.34856025595449697,Male_Unique_annotated_with_FC,1,FALSE
Module_97,54,1,39220,2813,0.9820795485806748,3.873074961754207,0.25819278218851627,Male_Unique_annotated_with_FC,1,FALSE
Module_16,401,35,39220,4653,0.9821215428415954,47.57401835798062,0.7356956844939018,Female_Unique_annotated_with_FC,1,FALSE
Module_79,65,1,39220,2366,0.9825406769911459,3.9212136664966852,0.2550230834254503,Shared_No_Interaction_annotated_with_FC,1,FALSE
Module_106,48,2,39220,4653,0.9826606047589042,5.694645588985211,0.3512071065262555,Female_Unique_annotated_with_FC,1,FALSE
Module_38,147,5,39220,2813,0.9827599594795201,10.543370729219786,0.47423164075441765,Male_Unique_annotated_with_FC,1,FALSE
Module_43,125,3,39220,2366,0.9829604106236298,7.5407955124936255,0.39783601014370246,Shared_No_Interaction_annotated_with_FC,1,FALSE
Module_50,105,3,39220,2813,0.9832614638841319,7.530979092299847,0.39835457823371084,Male_Unique_annotated_with_FC,1,FALSE
Module_70,76,4,39220,4653,0.9841670050905706,9.016522182559918,0.4436300292963227,Female_Unique_annotated_with_FC,1,FALSE
Module_77,67,1,39220,2366,0.9845869638935856,4.041866394696584,0.24741045406946668,Shared_No_Interaction_annotated_with_FC,1,FALSE
Module_63,83,2,39220,2813,0.984684074741616,5.953059663437022,0.3359616924862621,Male_Unique_annotated_with_FC,1,FALSE
Module_131,34,1,39220,4653,0.9863729232998222,4.0337072921978585,0.2479108987244156,Female_Unique_annotated_with_FC,1,FALSE
Module_100,52,2,39220,4653,0.9887884518878792,6.169199388067312,0.32419117525500507,Female_Unique_annotated_with_FC,1,FALSE
Module_35,163,11,39220,4653,0.9889762609604529,19.338067312595616,0.5688262338830149,Female_Unique_annotated_with_FC,1,FALSE
Module_91,61,1,39220,2813,0.9893647382567761,4.3751402345741965,0.22856410226524393,Male_Unique_annotated_with_FC,1,FALSE
Module_92,61,1,39220,2813,0.9893647382567761,4.3751402345741965,0.22856410226524393,Male_Unique_annotated_with_FC,1,FALSE
Module_87,62,1,39220,2813,0.9901287258786174,4.446863844977052,0.22487758448677225,Male_Unique_annotated_with_FC,1,FALSE
Module_08,1132,2,39220,228,0.9903515307383399,6.580724120346762,0.30391792201351436,Shared_With_Interaction_annotated_with_FC,1,FALSE
Module_72,75,1,39220,2366,0.9906394182369708,4.524477307496175,0.22102000563539026,Shared_No_Interaction_annotated_with_FC,1,FALSE
Module_41,138,3,39220,2366,0.9909756242970682,8.325038245792962,0.36035870484031024,Shared_No_Interaction_annotated_with_FC,1,FALSE
Module_24,240,9,39220,2813,0.99103570924441,17.213666496685363,0.5228403839317455,Male_Unique_annotated_with_FC,1,FALSE
Module_71,76,1,39220,2366,0.9912051900201188,4.5848036715961245,0.21811184766650354,Shared_No_Interaction_annotated_with_FC,1,FALSE
Module_48,108,6,39220,4653,0.9913537567720296,12.812952575216727,0.4682761420350073,Female_Unique_annotated_with_FC,1,FALSE
Module_69,77,1,39220,2366,0.9917367790353547,4.645130035696074,0.21527922626823726,Shared_No_Interaction_annotated_with_FC,1,FALSE
Module_39,141,4,39220,2813,0.9922726677439904,10.113029066802651,0.39552936845900366,Male_Unique_annotated_with_FC,1,FALSE
Module_30,191,13,39220,4653,0.992503468256706,22.659943906170323,0.5736995666816319,Female_Unique_annotated_with_FC,1,FALSE
Module_34,169,4,39220,2366,0.992514892082955,10.195155532891382,0.3923432052699235,Shared_No_Interaction_annotated_with_FC,1,FALSE
Module_44,121,3,39220,2813,0.993467792691509,8.678556858745537,0.34567959268214576,Male_Unique_annotated_with_FC,1,FALSE
Module_60,86,4,39220,4653,0.9937359052852581,10.202906680265171,0.3920451421688433,Female_Unique_annotated_with_FC,1,FALSE
Module_61,86,4,39220,4653,0.9937359052852581,10.202906680265171,0.3920451421688433,Female_Unique_annotated_with_FC,1,FALSE
Module_42,126,7,39220,4653,0.9946082809931913,14.94844467108618,0.4682761420350073,Female_Unique_annotated_with_FC,1,FALSE
Module_43,125,3,39220,2813,0.9948613718314878,8.96545130035696,0.3346178457163171,Male_Unique_annotated_with_FC,1,FALSE
Module_115,43,1,39220,4653,0.9956320334580373,5.1014533401325854,0.19602257108442164,Female_Unique_annotated_with_FC,1,FALSE
Module_57,90,4,39220,4653,0.9957196368211918,10.677460479347271,0.37462091362800587,Female_Unique_annotated_with_FC,1,FALSE
Module_111,44,1,39220,4653,0.9961508110142502,5.220091789903111,0.19156751265068478,Female_Unique_annotated_with_FC,1,FALSE
Module_112,44,1,39220,4653,0.9961508110142502,5.220091789903111,0.19156751265068478,Female_Unique_annotated_with_FC,1,FALSE
Module_56,92,4,39220,4653,0.9964684343135015,10.914737378888322,0.3664769807230492,Female_Unique_annotated_with_FC,1,FALSE
Module_69,77,1,39220,2813,0.9967741391898091,5.5227180010198875,0.18107026283350494,Male_Unique_annotated_with_FC,1,FALSE
Module_22,260,18,39220,4653,0.996932092473718,30.845996940336562,0.5835441154590091,Female_Unique_annotated_with_FC,1,FALSE
Module_54,94,1,39220,2366,0.9971376052536486,5.670678225395206,0.17634574917717308,Shared_No_Interaction_annotated_with_FC,1,FALSE
Module_52,95,1,39220,2366,0.997310697978943,5.731004589495155,0.17448947813320284,Shared_No_Interaction_annotated_with_FC,1,FALSE
Module_36,160,4,39220,2813,0.9973547321823697,11.47577766445691,0.34856025595449697,Male_Unique_annotated_with_FC,1,FALSE
Module_109,47,1,39220,4653,0.9973659133117478,5.576007139214687,0.17933979907723682,Female_Unique_annotated_with_FC,1,FALSE
Module_51,96,1,39220,2366,0.9974733277190534,5.7913309535951045,0.17267187940264864,Shared_No_Interaction_annotated_with_FC,1,FALSE
Module_19,320,23,39220,4653,0.9978352339653658,37.96430392656808,0.6058322587577907,Female_Unique_annotated_with_FC,1,FALSE
Module_02,4782,15,39220,228,0.9981856469961645,27.79949005609383,0.5395782429725505,Shared_With_Interaction_annotated_with_FC,1,FALSE
Module_76,69,2,39220,4653,0.9983202941612872,8.186053034166243,0.24431798714869943,Female_Unique_annotated_with_FC,1,FALSE
Module_102,51,1,39220,4653,0.9984116108394208,6.050560938296788,0.16527393248294373,Female_Unique_annotated_with_FC,1,FALSE
Module_19,320,11,39220,2813,0.9985294173562028,22.95155532891382,0.47927035193743334,Male_Unique_annotated_with_FC,1,FALSE
Module_50,105,1,39220,2366,0.9985588778321282,6.334268230494645,0.15787143259670733,Shared_No_Interaction_annotated_with_FC,1,FALSE
Module_56,92,1,39220,2813,0.99894628115205375,6.598572157062723,0.15154793737152045,Male_Unique_annotated_with_FC,1,FALSE
Module_37,152,3,39220,2813,0.999022488197234,10.901988781234063,0.2751791494377608,Male_Unique_annotated_with_FC,1,FALSE
Module_46,113,1,39220,2366,0.9991252210789239,6.816879143294238,0.14669469400579,Shared_No_Interaction_annotated_with_FC,1,FALSE
Module_28,211,12,39220,4653,0.9992093793561974,25.032712901580826,0.4793727330784909,Female_Unique_annotated_with_FC,1,FALSE
Module_51,96,1,39220,2813,0.99921816846396,6.885466598674146,0.1452334399810404,Male_Unique_annotated_with_FC,1,FALSE
Module_23,253,7,39220,2813,0.9993338037052758,18.14607343192249,0.38575838603659746,Male_Unique_annotated_with_FC,1,FALSE
Module_53,94,3,39220,4653,0.9993575790803153,11.152014278429373,0.2690096986158552,Female_Unique_annotated_with_FC,1,FALSE
Module_13,505,38,39220,4653,0.9994906307817931,59.912417134115245,0.6342591705979109,Female_Unique_annotated_with_FC,1,FALSE
Module_39,141,6,39220,4653,0.9995349268450275,16.728021417644058,0.3586795981544737,Female_Unique_annotated_with_FC,1,FALSE
Module_41,138,2,39220,2813,0.9996022100382584,9.897858235594084,0.20206391649536057,Male_Unique_annotated_with_FC,1,FALSE
Module_88,62,1,39220,4653,0.9996048768912084,7.355583885772565,0.1359511380101634,Female_Unique_annotated_with_FC,1,FALSE
Module_86,64,1,39220,4653,0.9996932009617194,7.592860785313616,0.13170266494734578,Female_Unique_annotated_with_FC,1,FALSE
Module_79,65,1,39220,4653,0.9997296586163603,7.7114992350841405,0.12967647010200203,Female_Unique_annotated_with_FC,1,FALSE
Module_80,65,1,39220,4653,0.9997296586163603,7.7114992350841405,0.12967647010200203,Female_Unique_annotated_with_FC,1,FALSE
Module_81,65,1,39220,4653,0.9997296586163603,7.7114992350841405,0.12967647010200203,Female_Unique_annotated_with_FC,1,FALSE
Module_82,65,1,39220,4653,0.9997296586163603,7.7114992350841405,0.12967647010200203,Female_Unique_annotated_with_FC,1,FALSE
Module_18,323,7,39220,2366,0.9997390443341562,19.485415604283528,0.3592430432154176,Shared_No_Interaction_annotated_with_FC,1,FALSE
Module_78,66,1,39220,4653,0.9997617847422211,7.830137684854666,0.12771167510045653,Female_Unique_annotated_with_FC,1,FALSE
Module_32,179,3,39220,2813,0.9998239980624783,12.838526262111168,0.23367167996949517,Male_Unique_annotated_with_FC,1,FALSE
Module_40,139,5,39220,4653,0.9998564538284288,16.490744518103007,0.30320037973489683,Female_Unique_annotated_with_FC,1,FALSE
Module_74,72,1,39220,4653,0.9998884985760772,8.541968383477817,0.11706903550875182,Female_Unique_annotated_with_FC,1,FALSE
Module_21,267,6,39220,2813,0.9999120085629603,19.15020397756247,0.31331258962201974,Male_Unique_annotated_with_FC,1,FALSE
Module_73,74,1,39220,4653,0.9999134290753102,8.779245283018868,0.1139050075220288,Female_Unique_annotated_with_FC,1,FALSE
Module_06,1297,61,39220,2813,0.9999161264326244,93.02552269250383,0.6557340204541038,Male_Unique_annotated_with_FC,1,FALSE
Module_42,126,1,39220,2813,0.9999167109921632,9.037174910759816,0.11065404950936412,Male_Unique_annotated_with_FC,1,FALSE
Module_72,75,1,39220,4653,0.9999237191308097,8.897883732789394,0.11238627408840174,Female_Unique_annotated_with_FC,1,FALSE
Module_69,77,1,39220,4653,0.9999407759236338,9.135160632330443,0.10946715008610561,Female_Unique_annotated_with_FC,1,FALSE
Module_18,323,8,39220,2813,0.9999469804170265,23.166726160122387,0.3453228541964057,Male_Unique_annotated_with_FC,1,FALSE
Module_36,160,1,39220,2366,0.9999535207884969,9.65221825599184,0.10360312764158919,Shared_No_Interaction_annotated_with_FC,1,FALSE
Module_37,152,5,39220,4653,0.9999611205625609,18.033044365119835,0.2772687683102017,Female_Unique_annotated_with_FC,1,FALSE
Module_65,81,1,39220,4653,0.9999643018540285,9.609714431412545,0.10406136489666828,Female_Unique_annotated_with_FC,1,FALSE
Module_40,139,1,39220,2813,0.9999684558148089,9.96958184599694,0.10030510962719338,Male_Unique_annotated_with_FC,1,FALSE
Module_16,401,11,39220,2813,0.9999701062179869,28.76116777154513,0.382460131221892,Male_Unique_annotated_with_FC,1,FALSE
Module_20,285,4,39220,2366,0.9999772833583119,17.193013768485468,0.2326526375109371,Shared_No_Interaction_annotated_with_FC,1,FALSE
Module_28,211,3,39220,2813,0.9999781076969989,15.13368179500255,0.1982333209219888,Male_Unique_annotated_with_FC,1,FALSE
Module_27,212,3,39220,2813,0.999979503682031,15.205405405405406,0.1972982580874511,Male_Unique_annotated_with_FC,1,FALSE
Module_62,86,1,39220,4653,0.999981041840124,10.202906680265171,0.09801128554221082,Female_Unique_annotated_with_FC,1,FALSE
Module_32,179,1,39220,2366,0.9999858247850211,10.798419173890872,0.09260614761259368,Shared_No_Interaction_annotated_with_FC,1,FALSE
Module_13,505,15,39220,2813,0.9999878890969263,36.22042325344212,0.4141309971736598,Male_Unique_annotated_with_FC,1,FALSE
Module_04,1922,1,39220,228,0.9999897729931599,11.173278939316676,0.08949924238275188,Shared_With_Interaction_annotated_with_FC,1,FALSE
Module_46,113,2,39220,4653,0.9999899054546086,13.406144824069353,0.149185319586374,Female_Unique_annotated_with_FC,1,FALSE
Module_12,509,15,39220,2813,0.9999900095202844,36.507317695053544,0.41087652961237364,Male_Unique_annotated_with_FC,1,FALSE
Module_34,169,5,39220,4653,0.9999932326948229,20.049898011218765,0.24937782711923465,Female_Unique_annotated_with_FC,1,FALSE
Module_25,238,3,39220,2813,0.9999963542690757,17.070219275879655,0.1757446668678136,Male_Unique_annotated_with_FC,1,FALSE
Module_19,320,4,39220,2366,0.9999964730580775,19.30443651198368,0.20720625528317838,Shared_No_Interaction_annotated_with_FC,1,FALSE
Module_14,421,10,39220,2813,0.9999968057005153,30.195639979602245,0.33117363986175485,Male_Unique_annotated_with_FC,1,FALSE
Module_23,253,2,39220,2366,0.9999976020812169,15.262570117287098,0.13103952903284008,Shared_No_Interaction_annotated_with_FC,1,FALSE
Module_33,174,1,39220,2813,0.9999976936031727,12.47990821009689,0.08012879447229816,Male_Unique_annotated_with_FC,1,FALSE
Module_27,212,7,39220,4653,0.9999980162841423,25.15135135135135,0.2783150655491081,Female_Unique_annotated_with_FC,1,FALSE
Module_28,211,1,39220,2366,0.9999980842114916,12.72886282508924,0.07856161337750837,Shared_No_Interaction_annotated_with_FC,1,FALSE
Module_20,285,4,39220,2813,0.9999988276672205,20.44122896481387,0.19568295071129654,Male_Unique_annotated_with_FC,1,FALSE
Module_07,1220,49,39220,2813,0.9999989663168116,87.50280469148393,0.5599820505498476,Male_Unique_annotated_with_FC,1,FALSE
Module_32,179,4,39220,4653,0.9999996190038014,21.236282508924017,0.18835688394704206,Female_Unique_annotated_with_FC,1,FALSE
Module_25,238,1,39220,2366,0.9999996464892131,14.357674655787863,0.06964916143972383,Shared_No_Interaction_annotated_with_FC,1,FALSE
Module_21,267,9,39220,4653,0.9999998311348354,31.67646608873024,0.28412260303247633,Female_Unique_annotated_with_FC,1,FALSE
Module_14,421,5,39220,2366,0.9999999031853438,25.39739928607853,0.19687055133793668,Shared_No_Interaction_annotated_with_FC,1,FALSE
Module_21,267,1,39220,2366,0.9999999425213002,16.107139214686384,0.06208427124589614,Shared_No_Interaction_annotated_with_FC,1,FALSE
Module_17,384,15,39220,4653,0.999999990730017,45.55716471188169,0.32925666236836454,Female_Unique_annotated_with_FC,1,FALSE
Module_24,240,5,39220,4653,0.9999999967847785,28.47322794492606,0.17560355326312774,Female_Unique_annotated_with_FC,1,FALSE
Module_17,384,4,39220,2813,0.9999999983487926,27.541866394696584,0.1452334399810404,Male_Unique_annotated_with_FC,1,FALSE
Module_13,505,5,39220,2366,0.9999999990055203,30.46481387047425,0.16412376656093336,Shared_No_Interaction_annotated_with_FC,1,FALSE
Module_12,509,5,39220,2366,0.9999999992028676,30.706119326874045,0.16283399236399085,Shared_No_Interaction_annotated_with_FC,1,FALSE
Module_10,856,50,39220,4653,0.9999999993994015,101.55451300356961,0.4923464110181151,Female_Unique_annotated_with_FC,1,FALSE
Module_25,238,4,39220,4653,0.9999999995127649,28.235951045385008,0.14166337069966606,Female_Unique_annotated_with_FC,1,FALSE
Module_16,401,2,39220,2366,0.9999999996547257,24.19087200407955,0.0826758125818168,Shared_No_Interaction_annotated_with_FC,1,FALSE
Module_17,384,1,39220,2366,0.9999999999627991,23.165323814380418,0.04316796985066216,Shared_No_Interaction_annotated_with_FC,1,FALSE
Module_08,1132,31,39220,2813,0.9999999999892123,81.19112697603263,0.38181512136358325,Male_Unique_annotated_with_FC,1,FALSE
Module_11,699,8,39220,2366,0.9999999999918909,42.16812850586435,0.18971674303466976,Shared_No_Interaction_annotated_with_FC,1,FALSE
Module_15,413,11,39220,4653,0.999999999998429,48.997679755226926,0.22450042644777587,Female_Unique_annotated_with_FC,1,FALSE
Module_10,856,10,39220,2366,0.9999999999999298,51.63936766955635,0.1936507058721293,Shared_No_Interaction_annotated_with_FC,1,FALSE
Module_02,4782,271,39220,4653,1,567.3290668026517,0.47767691778476906,Female_Unique_annotated_with_FC,1,FALSE
Module_06,1297,49,39220,4653,1,153.87406935237124,0.31844221840776904,Female_Unique_annotated_with_FC,1,FALSE
Module_07,1220,32,39220,4653,1,144.7389087200408,0.22108775230505262,Female_Unique_annotated_with_FC,1,FALSE
Module_08,1132,32,39220,4653,1,134.29872514023458,0.23827478605314856,Female_Unique_annotated_with_FC,1,FALSE
Module_09,1006,9,39220,4653,1,119.35028046914839,0.07540828529788388,Female_Unique_annotated_with_FC,1,FALSE
Module_104,51,0,39220,4653,1,6.050560938296788,0,Female_Unique_annotated_with_FC,1,FALSE
Module_105,50,0,39220,4653,1,5.931922488526262,0,Female_Unique_annotated_with_FC,1,FALSE
Module_11,699,21,39220,4653,1,82.92827638959714,0.25323087509189235,Female_Unique_annotated_with_FC,1,FALSE
Module_113,44,0,39220,4653,1,5.220091789903111,0,Female_Unique_annotated_with_FC,1,FALSE
Module_119,42,0,39220,4653,1,4.98281489036206,0,Female_Unique_annotated_with_FC,1,FALSE
Module_121,41,0,39220,4653,1,4.864176440591535,0,Female_Unique_annotated_with_FC,1,FALSE
Module_126,38,0,39220,4653,1,4.508261091279959,0,Female_Unique_annotated_with_FC,1,FALSE
Module_36,160,0,39220,4653,1,18.98215196328404,0,Female_Unique_annotated_with_FC,1,FALSE
Module_66,80,0,39220,4653,1,9.49107598164202,0,Female_Unique_annotated_with_FC,1,FALSE
Module_75,71,0,39220,4653,1,8.423329933707292,0,Female_Unique_annotated_with_FC,1,FALSE
Module_84,65,0,39220,4653,1,7.7114992350841405,0,Female_Unique_annotated_with_FC,1,FALSE
Module_90,62,0,39220,4653,1,7.355583885772565,0,Female_Unique_annotated_with_FC,1,FALSE
Module_91,61,0,39220,4653,1,7.23694543600204,0,Female_Unique_annotated_with_FC,1,FALSE
Module_05,1299,17,39220,2813,1,93.16896991330954,0.18246418325562583,Male_Unique_annotated_with_FC,1,FALSE
Module_102,51,0,39220,2813,1,3.65790413054564,0,Male_Unique_annotated_with_FC,1,FALSE
Module_105,50,0,39220,2813,1,3.586180520142784,0,Male_Unique_annotated_with_FC,1,FALSE
Module_106,48,0,39220,2813,1,3.442733299337073,0,Male_Unique_annotated_with_FC,1,FALSE
Module_110,45,0,39220,2813,1,3.227562468128506,0,Male_Unique_annotated_with_FC,1,FALSE
Module_111,44,0,39220,2813,1,3.15583885772565,0,Male_Unique_annotated_with_FC,1,FALSE
Module_112,44,0,39220,2813,1,3.15583885772565,0,Male_Unique_annotated_with_FC,1,FALSE
Module_118,42,0,39220,2813,1,3.0123916369199386,0,Male_Unique_annotated_with_FC,1,FALSE
Module_124,39,0,39220,2813,1,2.7972208057113717,0,Male_Unique_annotated_with_FC,1,FALSE
Module_125,39,0,39220,2813,1,2.7972208057113717,0,Male_Unique_annotated_with_FC,1,FALSE
Module_126,38,0,39220,2813,1,2.725497195308516,0,Male_Unique_annotated_with_FC,1,FALSE
Module_127,36,0,39220,2813,1,2.5820499745028047,0,Male_Unique_annotated_with_FC,1,FALSE
Module_128,34,0,39220,2813,1,2.438602753697093,0,Male_Unique_annotated_with_FC,1,FALSE
Module_130,34,0,39220,2813,1,2.438602753697093,0,Male_Unique_annotated_with_FC,1,FALSE
Module_133,31,0,39220,2813,1,2.223431922488526,0,Male_Unique_annotated_with_FC,1,FALSE
Module_134,30,0,39220,2813,1,2.1517083120856704,0,Male_Unique_annotated_with_FC,1,FALSE
Module_26,230,0,39220,2813,1,16.49643039265681,0,Male_Unique_annotated_with_FC,1,FALSE
Module_35,163,0,39220,2813,1,11.690948495665477,0,Male_Unique_annotated_with_FC,1,FALSE
Module_52,95,0,39220,2813,1,6.81374298827129,0,Male_Unique_annotated_with_FC,1,FALSE
Module_54,94,0,39220,2813,1,6.742019377868434,0,Male_Unique_annotated_with_FC,1,FALSE
Module_55,93,0,39220,2813,1,6.6702957674655785,0,Male_Unique_annotated_with_FC,1,FALSE
Module_61,86,0,39220,2813,1,6.168230494645589,0,Male_Unique_annotated_with_FC,1,FALSE
Module_68,77,0,39220,2813,1,5.5227180010198875,0,Male_Unique_annotated_with_FC,1,FALSE
Module_71,76,0,39220,2813,1,5.450994390617032,0,Male_Unique_annotated_with_FC,1,FALSE
Module_80,65,0,39220,2813,1,4.66203467618562,0,Male_Unique_annotated_with_FC,1,FALSE
Module_82,65,0,39220,2813,1,4.66203467618562,0,Male_Unique_annotated_with_FC,1,FALSE
Module_85,64,0,39220,2813,1,4.590311065782764,0,Male_Unique_annotated_with_FC,1,FALSE
Module_98,53,0,39220,2813,1,3.8013513513513515,0,Male_Unique_annotated_with_FC,1,FALSE
Module_99,53,0,39220,2813,1,3.8013513513513515,0,Male_Unique_annotated_with_FC,1,FALSE
Module_01,5370,71,39220,2366,1,323.9525752167262,0.21916788268313836,Shared_No_Interaction_annotated_with_FC,1,FALSE
Module_02,4782,4,39220,2366,1,288.4806731259562,0.01386574690309851,Shared_No_Interaction_annotated_with_FC,1,FALSE
Module_06,1297,1,39220,2366,1,78.24329423763386,0.012780647974290106,Shared_No_Interaction_annotated_with_FC,1,FALSE
Module_07,1220,2,39220,2366,1,73.59816420193779,0.027174590856810274,Shared_No_Interaction_annotated_with_FC,1,FALSE
Module_08,1132,11,39220,2366,1,68.28944416114227,0.16107906771130473,Shared_No_Interaction_annotated_with_FC,1,FALSE
Module_102,51,0,39220,2366,1,3.0766445690973994,0,Shared_No_Interaction_annotated_with_FC,1,FALSE
Module_104,51,0,39220,2366,1,3.0766445690973994,0,Shared_No_Interaction_annotated_with_FC,1,FALSE
Module_106,48,0,39220,2366,1,2.8956654767975523,0,Shared_No_Interaction_annotated_with_FC,1,FALSE
Module_108,47,0,39220,2366,1,2.835339112697603,0,Shared_No_Interaction_annotated_with_FC,1,FALSE
Module_109,47,0,39220,2366,1,2.835339112697603,0,Shared_No_Interaction_annotated_with_FC,1,FALSE
Module_110,45,0,39220,2366,1,2.714686384497705,0,Shared_No_Interaction_annotated_with_FC,1,FALSE
Module_111,44,0,39220,2366,1,2.6543600203977564,0,Shared_No_Interaction_annotated_with_FC,1,FALSE
Module_112,44,0,39220,2366,1,2.6543600203977564,0,Shared_No_Interaction_annotated_with_FC,1,FALSE
Module_113,44,0,39220,2366,1,2.6543600203977564,0,Shared_No_Interaction_annotated_with_FC,1,FALSE
Module_114,43,0,39220,2366,1,2.5940336562978072,0,Shared_No_Interaction_annotated_with_FC,1,FALSE
Module_115,43,0,39220,2366,1,2.5940336562978072,0,Shared_No_Interaction_annotated_with_FC,1,FALSE
Module_118,42,0,39220,2366,1,2.533707292197858,0,Shared_No_Interaction_annotated_with_FC,1,FALSE
Module_119,42,0,39220,2366,1,2.533707292197858,0,Shared_No_Interaction_annotated_with_FC,1,FALSE
Module_120,41,0,39220,2366,1,2.4733809280979093,0,Shared_No_Interaction_annotated_with_FC,1,FALSE
Module_121,41,0,39220,2366,1,2.4733809280979093,0,Shared_No_Interaction_annotated_with_FC,1,FALSE
Module_122,40,0,39220,2366,1,2.41305456399796,0,Shared_No_Interaction_annotated_with_FC,1,FALSE
Module_123,39,0,39220,2366,1,2.3527281998980114,0,Shared_No_Interaction_annotated_with_FC,1,FALSE
Module_124,39,0,39220,2366,1,2.3527281998980114,0,Shared_No_Interaction_annotated_with_FC,1,FALSE
Module_125,39,0,39220,2366,1,2.3527281998980114,0,Shared_No_Interaction_annotated_with_FC,1,FALSE
Module_126,38,0,39220,2366,1,2.2924018357980622,0,Shared_No_Interaction_annotated_with_FC,1,FALSE
Module_127,36,0,39220,2366,1,2.1717491075981643,0,Shared_No_Interaction_annotated_with_FC,1,FALSE
Module_128,34,0,39220,2366,1,2.0510963793982664,0,Shared_No_Interaction_annotated_with_FC,1,FALSE
Module_129,34,0,39220,2366,1,2.0510963793982664,0,Shared_No_Interaction_annotated_with_FC,1,FALSE
Module_130,34,0,39220,2366,1,2.0510963793982664,0,Shared_No_Interaction_annotated_with_FC,1,FALSE
Module_131,34,0,39220,2366,1,2.0510963793982664,0,Shared_No_Interaction_annotated_with_FC,1,FALSE
Module_132,32,0,39220,2366,1,1.9304436511983682,0,Shared_No_Interaction_annotated_with_FC,1,FALSE
Module_133,31,0,39220,2366,1,1.870117287098419,0,Shared_No_Interaction_annotated_with_FC,1,FALSE
Module_15,413,0,39220,2366,1,24.914788373278938,0,Shared_No_Interaction_annotated_with_FC,1,FALSE
Module_24,240,0,39220,2366,1,14.47832738398776,0,Shared_No_Interaction_annotated_with_FC,1,FALSE
Module_26,230,0,39220,2366,1,13.87506374298827,0,Shared_No_Interaction_annotated_with_FC,1,FALSE
Module_27,212,0,39220,2366,1,12.78918918918919,0,Shared_No_Interaction_annotated_with_FC,1,FALSE
Module_33,174,0,39220,2366,1,10.496787353391127,0,Shared_No_Interaction_annotated_with_FC,1,FALSE
Module_35,163,0,39220,2366,1,9.833197348291687,0,Shared_No_Interaction_annotated_with_FC,1,FALSE
Module_37,152,0,39220,2366,1,9.169607343192249,0,Shared_No_Interaction_annotated_with_FC,1,FALSE
Module_38,147,0,39220,2366,1,8.867975522692504,0,Shared_No_Interaction_annotated_with_FC,1,FALSE
Module_39,141,0,39220,2366,1,8.50601733809281,0,Shared_No_Interaction_annotated_with_FC,1,FALSE
Module_40,139,0,39220,2366,1,8.385364609892912,0,Shared_No_Interaction_annotated_with_FC,1,FALSE
Module_42,126,0,39220,2366,1,7.601121876593575,0,Shared_No_Interaction_annotated_with_FC,1,FALSE
Module_44,121,0,39220,2366,1,7.29949005609383,0,Shared_No_Interaction_annotated_with_FC,1,FALSE
Module_48,108,0,39220,2366,1,6.515247322794493,0,Shared_No_Interaction_annotated_with_FC,1,FALSE
Module_53,94,0,39220,2366,1,5.670678225395206,0,Shared_No_Interaction_annotated_with_FC,1,FALSE
Module_55,93,0,39220,2366,1,5.610351861295258,0,Shared_No_Interaction_annotated_with_FC,1,FALSE
Module_56,92,0,39220,2366,1,5.550025497195309,0,Shared_No_Interaction_annotated_with_FC,1,FALSE
Module_61,86,0,39220,2366,1,5.1880673125956145,0,Shared_No_Interaction_annotated_with_FC,1,FALSE
Module_63,83,0,39220,2366,1,5.007088220295768,0,Shared_No_Interaction_annotated_with_FC,1,FALSE
Module_64,83,0,39220,2366,1,5.007088220295768,0,Shared_No_Interaction_annotated_with_FC,1,FALSE
Module_66,80,0,39220,2366,1,4.82610912799592,0,Shared_No_Interaction_annotated_with_FC,1,FALSE
Module_67,79,0,39220,2366,1,4.765782763895971,0,Shared_No_Interaction_annotated_with_FC,1,FALSE
Module_68,77,0,39220,2366,1,4.645130035696074,0,Shared_No_Interaction_annotated_with_FC,1,FALSE
Module_70,76,0,39220,2366,1,4.5848036715961245,0,Shared_No_Interaction_annotated_with_FC,1,FALSE
Module_73,74,0,39220,2366,1,4.464150943396226,0,Shared_No_Interaction_annotated_with_FC,1,FALSE
Module_75,71,0,39220,2366,1,4.283171851096379,0,Shared_No_Interaction_annotated_with_FC,1,FALSE
Module_76,69,0,39220,2366,1,4.162519122896481,0,Shared_No_Interaction_annotated_with_FC,1,FALSE
Module_78,66,0,39220,2366,1,3.9815400305966344,0,Shared_No_Interaction_annotated_with_FC,1,FALSE
Module_80,65,0,39220,2366,1,3.9212136664966852,0,Shared_No_Interaction_annotated_with_FC,1,FALSE
Module_81,65,0,39220,2366,1,3.9212136664966852,0,Shared_No_Interaction_annotated_with_FC,1,FALSE
Module_82,65,0,39220,2366,1,3.9212136664966852,0,Shared_No_Interaction_annotated_with_FC,1,FALSE
Module_83,65,0,39220,2366,1,3.9212136664966852,0,Shared_No_Interaction_annotated_with_FC,1,FALSE
Module_86,64,0,39220,2366,1,3.8608873023967365,0,Shared_No_Interaction_annotated_with_FC,1,FALSE
Module_87,62,0,39220,2366,1,3.740234574196838,0,Shared_No_Interaction_annotated_with_FC,1,FALSE
Module_88,62,0,39220,2366,1,3.740234574196838,0,Shared_No_Interaction_annotated_with_FC,1,FALSE
Module_89,62,0,39220,2366,1,3.740234574196838,0,Shared_No_Interaction_annotated_with_FC,1,FALSE
Module_90,62,0,39220,2366,1,3.740234574196838,0,Shared_No_Interaction_annotated_with_FC,1,FALSE
Module_91,61,0,39220,2366,1,3.6799082100968894,0,Shared_No_Interaction_annotated_with_FC,1,FALSE
Module_93,61,0,39220,2366,1,3.6799082100968894,0,Shared_No_Interaction_annotated_with_FC,1,FALSE
Module_95,55,0,39220,2366,1,3.317950025497195,0,Shared_No_Interaction_annotated_with_FC,1,FALSE
Module_96,54,0,39220,2366,1,3.2576236613972465,0,Shared_No_Interaction_annotated_with_FC,1,FALSE
Module_98,53,0,39220,2366,1,3.1972972972972973,0,Shared_No_Interaction_annotated_with_FC,1,FALSE
Module_99,53,0,39220,2366,1,3.1972972972972973,0,Shared_No_Interaction_annotated_with_FC,1,FALSE
Module_07,1220,0,39220,228,1,7.092299847016828,0,Shared_With_Interaction_annotated_with_FC,1,FALSE
Module_100,52,0,39220,228,1,0.3022947475777664,0,Shared_With_Interaction_annotated_with_FC,1,FALSE
Module_102,51,0,39220,228,1,0.29648138704742477,0,Shared_With_Interaction_annotated_with_FC,1,FALSE
Module_103,51,0,39220,228,1,0.29648138704742477,0,Shared_With_Interaction_annotated_with_FC,1,FALSE
Module_104,51,0,39220,228,1,0.29648138704742477,0,Shared_With_Interaction_annotated_with_FC,1,FALSE
Module_105,50,0,39220,228,1,0.2906680265170831,0,Shared_With_Interaction_annotated_with_FC,1,FALSE
Module_106,48,0,39220,228,1,0.27904130545639977,0,Shared_With_Interaction_annotated_with_FC,1,FALSE
Module_107,48,0,39220,228,1,0.27904130545639977,0,Shared_With_Interaction_annotated_with_FC,1,FALSE
Module_108,47,0,39220,228,1,0.2732279449260581,0,Shared_With_Interaction_annotated_with_FC,1,FALSE
Module_109,47,0,39220,228,1,0.2732279449260581,0,Shared_With_Interaction_annotated_with_FC,1,FALSE
Module_11,699,0,39220,228,1,4.063539010708822,0,Shared_With_Interaction_annotated_with_FC,1,FALSE
Module_110,45,0,39220,228,1,0.2616012238653748,0,Shared_With_Interaction_annotated_with_FC,1,FALSE
Module_111,44,0,39220,228,1,0.25578786333503317,0,Shared_With_Interaction_annotated_with_FC,1,FALSE
Module_112,44,0,39220,228,1,0.25578786333503317,0,Shared_With_Interaction_annotated_with_FC,1,FALSE
Module_113,44,0,39220,228,1,0.25578786333503317,0,Shared_With_Interaction_annotated_with_FC,1,FALSE
Module_114,43,0,39220,228,1,0.2499745028046915,0,Shared_With_Interaction_annotated_with_FC,1,FALSE
Module_115,43,0,39220,228,1,0.2499745028046915,0,Shared_With_Interaction_annotated_with_FC,1,FALSE
Module_116,42,0,39220,228,1,0.24416114227434982,0,Shared_With_Interaction_annotated_with_FC,1,FALSE
Module_117,42,0,39220,228,1,0.24416114227434982,0,Shared_With_Interaction_annotated_with_FC,1,FALSE
Module_119,42,0,39220,228,1,0.24416114227434982,0,Shared_With_Interaction_annotated_with_FC,1,FALSE
Module_120,41,0,39220,228,1,0.23834778174400817,0,Shared_With_Interaction_annotated_with_FC,1,FALSE
Module_122,40,0,39220,228,1,0.2325344212136665,0,Shared_With_Interaction_annotated_with_FC,1,FALSE
Module_123,39,0,39220,228,1,0.22672106068332484,0,Shared_With_Interaction_annotated_with_FC,1,FALSE
Module_124,39,0,39220,228,1,0.22672106068332484,0,Shared_With_Interaction_annotated_with_FC,1,FALSE
Module_125,39,0,39220,228,1,0.22672106068332484,0,Shared_With_Interaction_annotated_with_FC,1,FALSE
Module_126,38,0,39220,228,1,0.22090770015298317,0,Shared_With_Interaction_annotated_with_FC,1,FALSE
Module_127,36,0,39220,228,1,0.20928097909229984,0,Shared_With_Interaction_annotated_with_FC,1,FALSE
Module_128,34,0,39220,228,1,0.19765425803161651,0,Shared_With_Interaction_annotated_with_FC,1,FALSE
Module_130,34,0,39220,228,1,0.19765425803161651,0,Shared_With_Interaction_annotated_with_FC,1,FALSE
Module_131,34,0,39220,228,1,0.19765425803161651,0,Shared_With_Interaction_annotated_with_FC,1,FALSE
Module_132,32,0,39220,228,1,0.1860275369709332,0,Shared_With_Interaction_annotated_with_FC,1,FALSE
Module_133,31,0,39220,228,1,0.18021417644059154,0,Shared_With_Interaction_annotated_with_FC,1,FALSE
Module_134,30,0,39220,228,1,0.17440081591024986,0,Shared_With_Interaction_annotated_with_FC,1,FALSE
Module_15,413,0,39220,228,1,2.4009178990311066,0,Shared_With_Interaction_annotated_with_FC,1,FALSE
Module_21,267,0,39220,228,1,1.5521672616012239,0,Shared_With_Interaction_annotated_with_FC,1,FALSE
Module_22,260,0,39220,228,1,1.5114737378888323,0,Shared_With_Interaction_annotated_with_FC,1,FALSE
Module_24,240,0,39220,228,1,1.395206527281999,0,Shared_With_Interaction_annotated_with_FC,1,FALSE
Module_26,230,0,39220,228,1,1.3370729219785824,0,Shared_With_Interaction_annotated_with_FC,1,FALSE
Module_28,211,0,39220,228,1,1.2266190719020909,0,Shared_With_Interaction_annotated_with_FC,1,FALSE
Module_31,182,0,39220,228,1,1.0580316165221826,0,Shared_With_Interaction_annotated_with_FC,1,FALSE
Module_32,179,0,39220,228,1,1.0405915349311576,0,Shared_With_Interaction_annotated_with_FC,1,FALSE
Module_33,174,0,39220,228,1,1.0115247322794492,0,Shared_With_Interaction_annotated_with_FC,1,FALSE
Module_34,169,0,39220,228,1,0.9824579296277409,0,Shared_With_Interaction_annotated_with_FC,1,FALSE
Module_35,163,0,39220,228,1,0.947577766445691,0,Shared_With_Interaction_annotated_with_FC,1,FALSE
Module_37,152,0,39220,228,1,0.8836308006119327,0,Shared_With_Interaction_annotated_with_FC,1,FALSE
Module_39,141,0,39220,228,1,0.8196838347781744,0,Shared_With_Interaction_annotated_with_FC,1,FALSE
Module_40,139,0,39220,228,1,0.8080571137174911,0,Shared_With_Interaction_annotated_with_FC,1,FALSE
Module_41,138,0,39220,228,1,0.8022437531871495,0,Shared_With_Interaction_annotated_with_FC,1,FALSE
Module_42,126,0,39220,228,1,0.7324834268230495,0,Shared_With_Interaction_annotated_with_FC,1,FALSE
Module_44,121,0,39220,228,1,0.7034166241713411,0,Shared_With_Interaction_annotated_with_FC,1,FALSE
Module_45,117,0,39220,228,1,0.6801631820499745,0,Shared_With_Interaction_annotated_with_FC,1,FALSE
Module_46,113,0,39220,228,1,0.6569097399286079,0,Shared_With_Interaction_annotated_with_FC,1,FALSE
Module_47,110,0,39220,228,1,0.6394696583375828,0,Shared_With_Interaction_annotated_with_FC,1,FALSE
Module_49,108,0,39220,228,1,0.6278429372768995,0,Shared_With_Interaction_annotated_with_FC,1,FALSE
Module_50,105,0,39220,228,1,0.6104028556858746,0,Shared_With_Interaction_annotated_with_FC,1,FALSE
Module_52,95,0,39220,228,1,0.5522692503824579,0,Shared_With_Interaction_annotated_with_FC,1,FALSE
Module_53,94,0,39220,228,1,0.5464558898521162,0,Shared_With_Interaction_annotated_with_FC,1,FALSE
Module_55,93,0,39220,228,1,0.5406425293217746,0,Shared_With_Interaction_annotated_with_FC,1,FALSE
Module_58,90,0,39220,228,1,0.5232024477307496,0,Shared_With_Interaction_annotated_with_FC,1,FALSE
Module_61,86,0,39220,228,1,0.499949005609383,0,Shared_With_Interaction_annotated_with_FC,1,FALSE
Module_63,83,0,39220,228,1,0.482508924018358,0,Shared_With_Interaction_annotated_with_FC,1,FALSE
Module_64,83,0,39220,228,1,0.482508924018358,0,Shared_With_Interaction_annotated_with_FC,1,FALSE
Module_65,81,0,39220,228,1,0.47088220295767463,0,Shared_With_Interaction_annotated_with_FC,1,FALSE
Module_67,79,0,39220,228,1,0.45925548189699134,0,Shared_With_Interaction_annotated_with_FC,1,FALSE
Module_68,77,0,39220,228,1,0.447628760836308,0,Shared_With_Interaction_annotated_with_FC,1,FALSE
Module_69,77,0,39220,228,1,0.447628760836308,0,Shared_With_Interaction_annotated_with_FC,1,FALSE
Module_70,76,0,39220,228,1,0.44181540030596633,0,Shared_With_Interaction_annotated_with_FC,1,FALSE
Module_71,76,0,39220,228,1,0.44181540030596633,0,Shared_With_Interaction_annotated_with_FC,1,FALSE
Module_72,75,0,39220,228,1,0.4360020397756247,0,Shared_With_Interaction_annotated_with_FC,1,FALSE
Module_73,74,0,39220,228,1,0.43018867924528303,0,Shared_With_Interaction_annotated_with_FC,1,FALSE
Module_75,71,0,39220,228,1,0.41274859765425803,0,Shared_With_Interaction_annotated_with_FC,1,FALSE
Module_76,69,0,39220,228,1,0.40112187659357473,0,Shared_With_Interaction_annotated_with_FC,1,FALSE
Module_78,66,0,39220,228,1,0.38368179500254973,0,Shared_With_Interaction_annotated_with_FC,1,FALSE
Module_80,65,0,39220,228,1,0.3778684344722081,0,Shared_With_Interaction_annotated_with_FC,1,FALSE
Module_81,65,0,39220,228,1,0.3778684344722081,0,Shared_With_Interaction_annotated_with_FC,1,FALSE
Module_82,65,0,39220,228,1,0.3778684344722081,0,Shared_With_Interaction_annotated_with_FC,1,FALSE
Module_83,65,0,39220,228,1,0.3778684344722081,0,Shared_With_Interaction_annotated_with_FC,1,FALSE
Module_84,65,0,39220,228,1,0.3778684344722081,0,Shared_With_Interaction_annotated_with_FC,1,FALSE
Module_85,64,0,39220,228,1,0.3720550739418664,0,Shared_With_Interaction_annotated_with_FC,1,FALSE
Module_87,62,0,39220,228,1,0.3604283528811831,0,Shared_With_Interaction_annotated_with_FC,1,FALSE
Module_88,62,0,39220,228,1,0.3604283528811831,0,Shared_With_Interaction_annotated_with_FC,1,FALSE
Module_89,62,0,39220,228,1,0.3604283528811831,0,Shared_With_Interaction_annotated_with_FC,1,FALSE
Module_90,62,0,39220,228,1,0.3604283528811831,0,Shared_With_Interaction_annotated_with_FC,1,FALSE
Module_91,61,0,39220,228,1,0.35461499235084143,0,Shared_With_Interaction_annotated_with_FC,1,FALSE
Module_93,61,0,39220,228,1,0.35461499235084143,0,Shared_With_Interaction_annotated_with_FC,1,FALSE
Module_94,59,0,39220,228,1,0.3429882712901581,0,Shared_With_Interaction_annotated_with_FC,1,FALSE
Module_95,55,0,39220,228,1,0.3197348291687914,0,Shared_With_Interaction_annotated_with_FC,1,FALSE
Module_96,54,0,39220,228,1,0.3139214686384498,0,Shared_With_Interaction_annotated_with_FC,1,FALSE
Module_97,54,0,39220,228,1,0.3139214686384498,0,Shared_With_Interaction_annotated_with_FC,1,FALSE
Module_98,53,0,39220,228,1,0.3081081081081081,0,Shared_With_Interaction_annotated_with_FC,1,FALSE
Module_99,53,0,39220,228,1,0.3081081081081081,0,Shared_With_Interaction_annotated_with_FC,1,FALSE
