"GO.ID","Term","Annotated","Significant","Expected","p_value","gene_id","comparison"
"GO:0005975","carbohydrate metabolic process",515,93,65.13,9e-05,"TU11203, TU11902, TU11976, TU12084, TU12664, TU12665, TU13418, TU13785, TU14080, TU14761, TU15421, TU15422, TU15839, TU16554, TU16839, TU16941, TU17673, TU17690, TU184, TU19125, TU19599, TU20012, TU20181, TU21477, TU21742, TU22718, TU23151, TU23666, TU23849, TU2521, TU25370, TU25373, TU26119, TU26120, TU26121, TU26336, TU26343, TU27405, TU28030, TU28288, TU28842, TU28854, TU29153, TU30806, TU31370, TU32048, TU33854, TU3402, TU3403, TU35264, TU35334, TU35335, TU35336, TU36448, TU36717, TU37891, TU3808, TU3835, TU38670, TU38779, TU38908, TU38909, TU38911, TU38912, TU39646, TU40189, TU40253, TU40254, TU40255, TU40343, TU40383, TU40384, TU40676, TU40679, TU40821, TU41210, TU42455, TU42456, TU42857, TU44279, TU4844, TU5314, TU6323, TU6534, TU6637, TU667, TU6740, TU6744, TU6803, TU7468, TU8877, TU9789, TU9832","Female_Unique"
"GO:0010952","positive regulation of peptidase activit...",9,7,1.14,0.00015,"TU18624, TU40934, TU43923, TU43924, TU44244, TU44245, TU45000","Female_Unique"
"GO:0007215","glutamate receptor signaling pathway",54,16,6.83,3e-04,"TU23178, TU25821, TU28978, TU35102, TU35108, TU35528, TU36527, TU39619, TU39621, TU39622, TU4300, TU4306, TU44409, TU4828, TU5068, TU813","Female_Unique"
"GO:0055085","transmembrane transport",1658,256,209.67,0.00033,"TU10584, TU10758, TU1087, TU1092, TU1095, TU11009, TU11156, TU1139, TU119, TU12008, TU12066, TU12161, TU12171, TU12185, TU12191, TU12298, TU12328, TU12337, TU12679, TU12740, TU13036, TU13173, TU13214, TU13217, TU13302, TU13822, TU14671, TU14872, TU15133, TU15135, TU15558, TU15562, TU15563, TU15568, TU15815, TU15955, TU16072, TU16383, TU16465, TU1654, TU17513, TU17692, TU17810, TU17837, TU17887, TU18068, TU1814, TU18250, TU1860, TU18709, TU19041, TU19289, TU19290, TU19291, TU19292, TU19345, TU20115, TU20322, TU20533, TU20618, TU20783, TU20790, TU20800, TU20801, TU20802, TU21212, TU2122, TU21307, TU2194, TU22121, TU22130, TU22270, TU22274, TU22485, TU22486, TU22623, TU22748, TU22756, TU22779, TU23155, TU23178, TU24259, TU24261, TU24423, TU24443, TU24620, TU24881, TU25441, TU25542, TU25543, TU25579, TU2558, TU2559, TU2560, TU2564, TU25716, TU25821, TU26046, TU26095, TU26219, TU2689, TU27485, TU27881, TU27931, TU27933, TU27937, TU28126, TU28187, TU28279, TU28312, TU28589, TU28607, TU28613, TU28623, TU28799, TU28844, TU28905, TU28978, TU29063, TU29176, TU29185, TU29237, TU2935, TU2937, TU2940, TU29426, TU29965, TU30130, TU30542, TU30606, TU30630, TU30711, TU30761, TU32229, TU32558, TU32849, TU32875, TU32979, TU33244, TU33246, TU33247, TU33292, TU33294, TU33587, TU33588, TU33889, TU34046, TU34232, TU3430, TU34571, TU34643, TU34680, TU34818, TU34945, TU35102, TU35108, TU35234, TU35315, TU35375, TU35528, TU35759, TU36892, TU36961, TU37214, TU37218, TU37430, TU37455, TU37846, TU38000, TU38139, TU38147, TU38490, TU38496, TU3851, TU38574, TU38777, TU38779, TU3934, TU39396, TU39524, TU39528, TU39529, TU396, TU39619, TU39622, TU3986, TU39998, TU4038, TU4039, TU40394, TU40684, TU41447, TU41448, TU4157, TU41604, TU4175, TU41793, TU41917, TU42123, TU4231, TU42377, TU42798, TU4300, TU43024, TU4306, TU43144, TU43209, TU43343, TU43346, TU43651, TU43729, TU43764, TU43777, TU43958, TU44191, TU44192, TU44327, TU44409, TU4441, TU44469, TU4474, TU44897, TU45170, TU45187, TU4531, TU4828, TU4832, TU4892, TU5032, TU5068, TU5281, TU5282, TU5657, TU6032, TU6193, TU6705, TU6707, TU7131, TU7321, TU7377, TU7448, TU7694, TU7724, TU7960, TU7961, TU813, TU8163, TU8263, TU8270, TU8426, TU8483, TU8931, TU9084, TU9087, TU9272, TU9579","Female_Unique"
"GO:0051179","localization",2985,433,377.48,0.00037,"TU10014, TU10584, TU10606, TU10607, TU10758, TU10864, TU1087, TU10882, TU1092, TU1095, TU11009, TU11101, TU11103, TU11156, TU11234, TU11235, TU11291, TU11315, TU1139, TU11632, TU11713, TU119, TU12008, TU12048, TU12066, TU12147, TU12161, TU12171, TU12185, TU12191, TU12298, TU12328, TU12337, TU12679, TU12740, TU12805, TU13036, TU13173, TU13214, TU13217, TU13302, TU13693, TU13767, TU13822, TU13826, TU13919, TU14140, TU14671, TU14872, TU15133, TU15135, TU15558, TU15562, TU15563, TU15568, TU15794, TU15799, TU15801, TU15815, TU15955, TU16072, TU16190, TU16261, TU16353, TU16383, TU16465, TU1654, TU16606, TU16661, TU16841, TU16928, TU16942, TU17269, TU17513, TU17514, TU1762, TU1766, TU17692, TU17707, TU17708, TU17810, TU17837, TU17887, TU17987, TU18068, TU18130, TU18131, TU18134, TU1814, TU18250, TU1860, TU18709, TU18743, TU19041, TU19155, TU19287, TU19289, TU19290, TU19291, TU19292, TU19345, TU19501, TU19617, TU19702, TU19710, TU19907, TU20115, TU20122, TU20322, TU20533, TU20618, TU20783, TU20790, TU20800, TU20801, TU20802, TU20863, TU20864, TU21171, TU21212, TU2122, TU21307, TU2152, TU21680, TU21711, TU21871, TU2194, TU22121, TU22130, TU22270, TU22274, TU22485, TU22486, TU22623, TU2265, TU22715, TU22748, TU22756, TU22779, TU23084, TU23129, TU23155, TU23178, TU23194, TU23223, TU23394, TU23786, TU23791, TU24259, TU24261, TU24303, TU24377, TU244, TU24415, TU24423, TU24443, TU24620, TU24881, TU25060, TU25384, TU25441, TU25542, TU25543, TU25579, TU2558, TU2559, TU2560, TU2564, TU25716, TU25756, TU25821, TU26046, TU26095, TU26219, TU26490, TU26754, TU26755, TU2689, TU27055, TU27439, TU27485, TU27881, TU27931, TU27933, TU27937, TU28126, TU28187, TU28279, TU28312, TU28589, TU28607, TU28613, TU28623, TU28751, TU28799, TU28844, TU28905, TU28978, TU29063, TU29176, TU29185, TU29237, TU2935, TU2937, TU2940, TU29426, TU29553, TU29895, TU29965, TU30130, TU30542, TU30606, TU30630, TU30711, TU30761, TU30810, TU30954, TU31253, TU3160, TU31713, TU31976, TU31977, TU31978, TU32229, TU32353, TU32492, TU32558, TU32849, TU32875, TU32979, TU33217, TU33244, TU33246, TU33247, TU3325, TU3327, TU33276, TU33292, TU33294, TU33587, TU33588, TU33676, TU33840, TU33889, TU34046, TU34232, TU3430, TU34332, TU3447, TU34571, TU34643, TU34680, TU34722, TU34818, TU349, TU34945, TU34959, TU35102, TU35108, TU35117, TU35234, TU35301, TU35315, TU35375, TU35415, TU35528, TU35598, TU35759, TU36110, TU36892, TU36961, TU37164, TU37214, TU37218, TU37430, TU37455, TU37495, TU37846, TU37868, TU37869, TU37870, TU38000, TU38006, TU38139, TU38147, TU38329, TU38371, TU38373, TU38438, TU38468, TU38469, TU38490, TU38496, TU3851, TU38574, TU38685, TU38707, TU38708, TU3872, TU38777, TU38779, TU39070, TU3934, TU39345, TU39396, TU39481, TU39524, TU39528, TU39529, TU396, TU39619, TU39622, TU3965, TU3986, TU39898, TU39998, TU4026, TU40302, TU40338, TU4038, TU4039, TU40394, TU40684, TU41037, TU4142, TU41447, TU41448, TU4157, TU41604, TU4161, TU4169, TU4175, TU41793, TU41829, TU41917, TU42123, TU4231, TU42361, TU42369, TU42377, TU42798, TU4300, TU43024, TU43046, TU43048, TU4306, TU43144, TU43209, TU43343, TU43346, TU43448, TU43490, TU43651, TU43714, TU43729, TU43764, TU43777, TU43958, TU4400, TU44120, TU44174, TU44191, TU44192, TU4429, TU44327, TU44409, TU4441, TU44469, TU4465, TU44737, TU4474, TU44814, TU44897, TU45170, TU45187, TU45247, TU4531, TU45355, TU45570, TU4772, TU4828, TU4832, TU4892, TU5032, TU5068, TU5281, TU5282, TU5392, TU551, TU5657, TU6032, TU6193, TU6406, TU6552, TU6553, TU6705, TU6707, TU675, TU6934, TU6935, TU7131, TU7157, TU7160, TU7267, TU7321, TU7377, TU7448, TU7497, TU7694, TU7724, TU774, TU775, TU7750, TU7960, TU7961, TU8000, TU813, TU8163, TU8263, TU8270, TU8426, TU8483, TU8525, TU8721, TU8931, TU9084, TU9087, TU9272, TU9297, TU9579, TU9686, TU9735, TU9736","Female_Unique"
"GO:0044281","small molecule metabolic process",879,141,111.16,0.00044,"TU105, TU11136, TU11153, TU11976, TU12165, TU12252, TU12578, TU12664, TU12665, TU12896, TU13375, TU13602, TU1364, TU13785, TU13940, TU14175, TU14199, TU14309, TU14352, TU14761, TU14862, TU1542, TU15839, TU15918, TU15920, TU15929, TU16038, TU16615, TU16740, TU16754, TU16756, TU16941, TU17690, TU1783, TU18264, TU184, TU18890, TU18894, TU19014, TU19125, TU19213, TU19447, TU19599, TU20181, TU20192, TU20235, TU2035, TU21477, TU21691, TU21692, TU21742, TU21755, TU22164, TU22167, TU22168, TU22310, TU22559, TU22685, TU22916, TU23266, TU23849, TU23868, TU23869, TU24029, TU24239, TU24399, TU24598, TU24819, TU25378, TU25434, TU25571, TU26330, TU26533, TU27927, TU28583, TU2859, TU28917, TU28925, TU29123, TU29124, TU29253, TU2949, TU30077, TU30232, TU30437, TU30806, TU31115, TU31116, TU31126, TU31127, TU31294, TU32048, TU32353, TU3316, TU3318, TU33478, TU33772, TU33773, TU33774, TU33854, TU33945, TU34506, TU34507, TU3460, TU35469, TU35470, TU35471, TU35516, TU35517, TU36070, TU36091, TU37136, TU37154, TU37267, TU37401, TU38210, TU3835, TU38670, TU40173, TU4132, TU4191, TU42033, TU44190, TU44228, TU4430, TU44552, TU44964, TU4986, TU5223, TU5314, TU6165, TU6517, TU6637, TU6803, TU7617, TU807, TU8301, TU8303, TU8478, TU8779, TU9516","Female_Unique"
"GO:1990806","ligand-gated ion channel signaling pathw...",52,15,6.58,0.00049,"TU23178, TU25821, TU28978, TU35102, TU35108, TU35528, TU39619, TU39621, TU39622, TU4300, TU4306, TU44409, TU4828, TU5068, TU813","Female_Unique"
"GO:0019692","deoxyribose phosphate metabolic process",5,4,0.63,0.00103,"TU30232, TU33478, TU37267, TU9516","Female_Unique"
"GO:0010604","positive regulation of macromolecule met...",238,44,30.1,0.00106,"TU1065, TU1067, TU11720, TU11863, TU14179, TU14181, TU143, TU14999, TU16357, TU16518, TU17057, TU17429, TU17530, TU18267, TU18624, TU20522, TU23223, TU24270, TU25341, TU27181, TU28373, TU29043, TU34084, TU34814, TU34903, TU34904, TU36177, TU3682, TU3684, TU37733, TU37946, TU3964, TU3999, TU4001, TU40802, TU40934, TU41399, TU43923, TU43924, TU44244, TU44245, TU45000, TU613, TU8345","Female_Unique"
"GO:0006082","organic acid metabolic process",363,66,45.9,0.00114,"TU105, TU11136, TU12578, TU13375, TU13785, TU13940, TU14175, TU14199, TU1542, TU15839, TU15918, TU15920, TU15929, TU16038, TU16615, TU16740, TU16754, TU16756, TU16941, TU1783, TU18264, TU184, TU18890, TU18894, TU20181, TU2035, TU21477, TU21691, TU21692, TU21755, TU22310, TU22685, TU23266, TU23849, TU24029, TU24239, TU24819, TU25378, TU26533, TU28583, TU2859, TU28925, TU29123, TU29124, TU29253, TU30077, TU31126, TU31127, TU31294, TU3316, TU3318, TU34506, TU34507, TU36070, TU36091, TU37401, TU38210, TU3835, TU4132, TU44190, TU4430, TU44552, TU6517, TU807, TU8478, TU8779","Female_Unique"
"GO:0007172","signal complex assembly",3,3,0.38,0.00191,"TU19344, TU44119, TU45010","Female_Unique"
"GO:0006730","one-carbon metabolic process",29,10,3.67,0.00208,"TU12578, TU16615, TU22164, TU22167, TU22168, TU24399, TU25434, TU27927, TU30232, TU44964","Female_Unique"
"GO:0030162","regulation of proteolysis",90,21,11.38,0.0022,"TU12182, TU14736, TU17530, TU18624, TU2463, TU26451, TU27181, TU29254, TU34585, TU34586, TU38120, TU40934, TU4137, TU43923, TU43924, TU44244, TU44245, TU44850, TU45000, TU5904, TU8345","Female_Unique"
"GO:0009219","pyrimidine deoxyribonucleotide metabolic...",4,3,0.51,0.00226,"TU30232, TU33478, TU9516","Female_Unique"
"GO:0009221","pyrimidine deoxyribonucleotide biosynthe...",4,3,0.51,0.00226,"TU30232, TU33478, TU9516","Female_Unique"
"GO:0006813","potassium ion transport",149,29,18.84,0.0023,"TU10758, TU1092, TU1095, TU11156, TU11315, TU12740, TU16383, TU17513, TU17514, TU18250, TU28844, TU30130, TU32875, TU33292, TU33294, TU34571, TU36961, TU38139, TU38574, TU39070, TU396, TU4038, TU4039, TU4441, TU44737, TU4474, TU8270, TU9735, TU9736","Female_Unique"
"GO:0032011","ARF protein signal transduction",18,7,2.28,0.00247,"TU15136, TU20863, TU20864, TU29662, TU30144, TU4501, TU4502","Female_Unique"
"GO:0009893","positive regulation of metabolic process",246,46,31.11,0.00251,"TU1065, TU1067, TU11720, TU11863, TU14179, TU14181, TU143, TU14999, TU16357, TU16518, TU17057, TU17429, TU17530, TU18267, TU18624, TU20522, TU23223, TU24270, TU25341, TU26451, TU27181, TU28373, TU29043, TU34084, TU34814, TU34816, TU34903, TU34904, TU36177, TU3682, TU3684, TU37733, TU37946, TU3964, TU3999, TU4001, TU40802, TU40934, TU41399, TU43923, TU43924, TU44244, TU44245, TU45000, TU613, TU8345","Female_Unique"
"GO:0045862","positive regulation of proteolysis",29,10,3.67,0.00254,"TU17530, TU18624, TU27181, TU40934, TU43923, TU43924, TU44244, TU44245, TU45000, TU8345","Female_Unique"
"GO:0000380","alternative mRNA splicing, via spliceoso...",21,8,2.66,0.00256,"TU18719, TU23439, TU23441, TU23442, TU23443, TU23444, TU23448, TU23449","Female_Unique"
"GO:1903311","regulation of mRNA metabolic process",47,13,5.94,0.00271,"TU16518, TU18267, TU18719, TU23439, TU23441, TU23442, TU23443, TU23444, TU23448, TU23449, TU34903, TU34904, TU41399","Female_Unique"
"GO:0009262","deoxyribonucleotide metabolic process",6,4,0.76,0.00276,"TU30232, TU33478, TU37267, TU9516","Female_Unique"
"GO:0071941","nitrogen cycle metabolic process",6,4,0.76,0.00285,"TU16740, TU16754, TU16756, TU29253","Female_Unique"
"GO:0006303","double-strand break repair via nonhomolo...",5,3,0.63,0.00312,"TU11883, TU31609, TU31610","Female_Unique"
"GO:0008652","amino acid biosynthetic process",68,17,8.6,0.00389,"TU105, TU11136, TU16615, TU1783, TU1786, TU18890, TU18894, TU22310, TU24029, TU24819, TU29123, TU29124, TU29253, TU34506, TU34507, TU36091, TU4430","Female_Unique"
"GO:0032535","regulation of cellular component size",43,11,5.44,0.00421,"TU11174, TU12687, TU13683, TU24303, TU3090, TU34575, TU34576, TU4441, TU91, TU93, TU96","Female_Unique"
"GO:0031667","response to nutrient levels",7,4,0.89,0.00496,"TU14445, TU22454, TU26046, TU28747","Female_Unique"
"GO:0006396","RNA processing",590,94,74.61,0.0056,"TU10195, TU10196, TU10225, TU11062, TU11860, TU12035, TU12116, TU12604, TU1276, TU12797, TU12799, TU12975, TU13211, TU13712, TU14085, TU1440, TU14455, TU15722, TU16407, TU16518, TU17148, TU17651, TU18392, TU18719, TU18782, TU18873, TU18874, TU19568, TU19570, TU19624, TU21466, TU21467, TU21754, TU22199, TU22941, TU23100, TU23370, TU23439, TU23441, TU23442, TU23443, TU23444, TU23448, TU23449, TU23626, TU23627, TU23628, TU23629, TU24303, TU2468, TU2469, TU24827, TU25060, TU25233, TU25481, TU25756, TU26533, TU2770, TU28069, TU2854, TU28546, TU2914, TU29460, TU29755, TU31613, TU32608, TU32837, TU34077, TU34078, TU35561, TU37199, TU37826, TU38075, TU38210, TU38388, TU38855, TU39329, TU39467, TU40088, TU41113, TU4173, TU4193, TU43463, TU4509, TU45595, TU45596, TU5270, TU6387, TU6493, TU6888, TU79, TU8173, TU8448, TU8462","Female_Unique"
"GO:0007010","cytoskeleton organization",309,47,39.08,0.00586,"TU10764, TU11174, TU12687, TU1291, TU13683, TU14585, TU15794, TU15799, TU15801, TU16357, TU19907, TU20201, TU21711, TU23612, TU25075, TU25078, TU25083, TU25086, TU25087, TU25090, TU25196, TU25555, TU26228, TU28332, TU28371, TU29194, TU30569, TU3090, TU32161, TU34575, TU34576, TU34816, TU36434, TU36670, TU38051, TU38729, TU39877, TU44120, TU4511, TU45418, TU6203, TU7750, TU8601, TU8874, TU91, TU93, TU96","Female_Unique"
"GO:0009628","response to abiotic stimulus",25,8,3.16,0.00604,"TU21981, TU26046, TU33292, TU33294, TU34423, TU34424, TU40763, TU9848","Female_Unique"
"GO:0016070","RNA metabolic process",2021,252,255.57,0.00622,"TU10195, TU10196, TU10225, TU1065, TU1067, TU11062, TU11644, TU11720, TU11731, TU1174, TU11771, TU11860, TU11863, TU11956, TU1196, TU12035, TU12116, TU12604, TU12686, TU1276, TU12797, TU12799, TU12892, TU12900, TU12939, TU12975, TU13096, TU13211, TU13673, TU13712, TU13767, TU14085, TU14179, TU14181, TU14283, TU143, TU1440, TU14455, TU14462, TU14500, TU1546, TU1572, TU15722, TU1573, TU15863, TU16338, TU16407, TU16518, TU17057, TU17148, TU17172, TU17264, TU17266, TU17651, TU1771, TU18267, TU18392, TU18719, TU18782, TU18873, TU18874, TU19568, TU19570, TU19624, TU19990, TU20009, TU20948, TU2107, TU21466, TU21467, TU21610, TU21707, TU21754, TU21833, TU22199, TU22941, TU23100, TU23223, TU23314, TU23315, TU23370, TU23439, TU23441, TU23442, TU23443, TU23444, TU23448, TU23449, TU23542, TU23605, TU23626, TU23627, TU23628, TU23629, TU24270, TU24303, TU2468, TU2469, TU24827, TU25052, TU25060, TU25233, TU25251, TU25341, TU25453, TU25454, TU25481, TU25756, TU26311, TU26484, TU26533, TU26789, TU26806, TU26992, TU27165, TU2741, TU2770, TU28019, TU28069, TU28373, TU28399, TU2842, TU28451, TU2854, TU28546, TU29043, TU2914, TU29416, TU29460, TU29755, TU29775, TU2984, TU30203, TU30218, TU30692, TU31161, TU31164, TU31304, TU31613, TU31741, TU323, TU32608, TU32837, TU3316, TU3318, TU3335, TU33873, TU34077, TU34078, TU34442, TU34557, TU34558, TU34655, TU34814, TU34842, TU34903, TU34904, TU35561, TU35621, TU36092, TU3611, TU36177, TU36597, TU36748, TU36807, TU36810, TU36812, TU36817, TU3682, TU3684, TU37199, TU37733, TU37826, TU37946, TU38011, TU38075, TU38210, TU38388, TU38624, TU38855, TU38890, TU39090, TU39329, TU39467, TU3964, TU3999, TU4001, TU4007, TU40088, TU40460, TU4052, TU40802, TU41113, TU41399, TU4173, TU4193, TU42230, TU42700, TU42885, TU4296, TU43463, TU43659, TU4509, TU45092, TU45367, TU45595, TU45596, TU4719, TU5189, TU5270, TU5356, TU5395, TU5752, TU613, TU6258, TU6387, TU6419, TU6476, TU6493, TU6800, TU6888, TU7141, TU7171, TU7173, TU7227, TU7260, TU7271, TU7275, TU7345, TU7361, TU7562, TU7713, TU7714, TU79, TU8173, TU8176, TU8309, TU8448, TU8462, TU8524, TU8750, TU8936, TU8971, TU9032, TU9130, TU9132, TU9508, TU9519, TU9593, TU9841, TU9894, TU9956","Female_Unique"
"GO:0043604","amide biosynthetic process",77,18,9.74,0.00623,"TU15918, TU15920, TU15929, TU16740, TU16754, TU16756, TU21691, TU21692, TU2332, TU25571, TU2859, TU29253, TU35895, TU39836, TU4430, TU6491, TU7992, TU807","Female_Unique"
"GO:0051056","regulation of small GTPase mediated sign...",44,11,5.56,0.00642,"TU15136, TU16167, TU20863, TU20864, TU22291, TU29662, TU30144, TU39106, TU42322, TU4501, TU4502","Female_Unique"
"GO:0046385","deoxyribose phosphate biosynthetic proce...",4,3,0.51,0.00672,"TU30232, TU33478, TU9516","Female_Unique"
"GO:1902903","regulation of supramolecular fiber organ...",51,12,6.45,0.00685,"TU11174, TU12687, TU13683, TU20201, TU3090, TU34575, TU34576, TU36434, TU44120, TU91, TU93, TU96","Female_Unique"
"GO:1902600","proton transmembrane transport",45,13,5.69,0.0069,"TU17887, TU24443, TU25542, TU25543, TU29965, TU3430, TU34680, TU35315, TU38000, TU38777, TU38779, TU3934, TU7724","Female_Unique"
"GO:0006950","response to stress",574,85,72.59,0.0071,"TU11883, TU11902, TU12530, TU130, TU13110, TU14065, TU14068, TU14445, TU1454, TU1470, TU15874, TU16193, TU16194, TU16322, TU17152, TU17330, TU17488, TU17530, TU18074, TU18594, TU18624, TU19053, TU19356, TU19694, TU19809, TU19852, TU20203, TU20649, TU20813, TU21032, TU22454, TU2265, TU25756, TU2676, TU2679, TU2718, TU2720, TU27764, TU28747, TU30372, TU30373, TU30374, TU30382, TU31609, TU31610, TU3168, TU3176, TU3177, TU32557, TU32716, TU33078, TU33080, TU33082, TU33292, TU33294, TU33623, TU33642, TU34423, TU34424, TU36249, TU36675, TU38129, TU3976, TU40677, TU40934, TU41164, TU42230, TU43730, TU43873, TU43923, TU43924, TU44244, TU44245, TU44520, TU44530, TU44571, TU44576, TU45000, TU4582, TU4739, TU5773, TU6234, TU7427, TU8350, TU8496","Female_Unique"
"GO:0019627","urea metabolic process",6,4,0.76,0.00741,"TU16740, TU16754, TU16756, TU29253","Female_Unique"
"GO:0051247","positive regulation of protein metabolic...",59,14,7.46,0.00796,"TU14999, TU17429, TU17530, TU18624, TU20522, TU27181, TU34084, TU40934, TU43923, TU43924, TU44244, TU44245, TU45000, TU8345","Female_Unique"
"GO:0043484","regulation of RNA splicing",30,9,3.79,0.00813,"TU18719, TU23439, TU23441, TU23442, TU23443, TU23444, TU23448, TU23449, TU6888","Female_Unique"
"GO:1902531","regulation of intracellular signal trans...",109,18,13.78,0.00822,"TU11372, TU11373, TU15136, TU16167, TU19852, TU20863, TU20864, TU22291, TU25243, TU29662, TU30144, TU36249, TU39106, TU41164, TU42322, TU4501, TU4502, TU4633","Female_Unique"
"GO:0003012","muscle system process",5,3,0.63,0.00854,"TU11128, TU30606, TU31426","Female_Unique"
"GO:0044272","sulfur compound biosynthetic process",97,21,12.27,0.00867,"TU105, TU12121, TU15918, TU15920, TU15929, TU1783, TU18890, TU18894, TU21691, TU21692, TU24029, TU25571, TU2859, TU34506, TU34507, TU35895, TU36091, TU36136, TU39836, TU7992, TU807","Female_Unique"
"GO:0050879","multicellular organismal movement",2,2,0.25,0.0088,"TU30606, TU31426","Female_Unique"
"GO:0001763","morphogenesis of a branching structure",2,2,0.25,0.00894,"TU30456, TU30457","Female_Unique"
"GO:0042147","retrograde transport, endosome to Golgi",33,8,4.17,0.0095,"TU18743, TU21680, TU38371, TU38373, TU43046, TU43048, TU4465, TU5392","Female_Unique"
"GO:0009176","pyrimidine deoxyribonucleoside monophosp...",2,2,0.25,0.00952,"TU30232, TU9516","Female_Unique"
"GO:0009177","pyrimidine deoxyribonucleoside monophosp...",2,2,0.25,0.00952,"TU30232, TU9516","Female_Unique"
"GO:0050953","sensory perception of light stimulus",16,5,2.02,0.00964,"TU18400, TU21981, TU40763, TU42889, TU9848","Female_Unique"
"GO:0051246","regulation of protein metabolic process",203,37,16.64,1.1e-05,"TU1323, TU14321, TU15074, TU15374, TU18832, TU19042, TU1909, TU1911, TU1914, TU1916, TU1918, TU19827, TU2435, TU2459, TU24974, TU27157, TU27159, TU27517, TU27706, TU27707, TU29490, TU29903, TU29905, TU2995, TU30809, TU34083, TU34928, TU37143, TU37560, TU39397, TU39437, TU40639, TU41884, TU42221, TU42742, TU42905, TU4961","Male_Unique"
"GO:0015074","DNA integration",280,50,22.96,1.8e-05,"TU10906, TU11938, TU12937, TU13426, TU13663, TU15273, TU15647, TU16069, TU16327, TU16632, TU16937, TU18057, TU1953, TU2002, TU20846, TU2137, TU27895, TU28770, TU290, TU30221, TU30222, TU30226, TU31747, TU3249, TU3250, TU32808, TU33731, TU34666, TU3467, TU36245, TU36435, TU37526, TU37541, TU39042, TU39299, TU41680, TU41729, TU4415, TU4416, TU4417, TU4604, TU4610, TU5021, TU5022, TU5023, TU5850, TU6712, TU8360, TU9212, TU9753","Male_Unique"
"GO:0006310","DNA recombination",246,45,20.17,4e-05,"TU10037, TU11938, TU13426, TU13663, TU15647, TU16069, TU16851, TU16937, TU17218, TU18057, TU1953, TU2002, TU20846, TU2137, TU2456, TU27895, TU290, TU31747, TU3249, TU3250, TU32808, TU33731, TU34666, TU34893, TU34894, TU36245, TU37541, TU37970, TU39299, TU41520, TU41729, TU44038, TU4415, TU4416, TU4417, TU4604, TU4610, TU5021, TU5022, TU5023, TU5850, TU6712, TU8360, TU9567, TU9753","Male_Unique"
"GO:0006417","regulation of translation",63,17,5.17,0.00019,"TU15074, TU18832, TU1909, TU1911, TU1914, TU1916, TU1918, TU19827, TU24974, TU29903, TU29905, TU34083, TU39437, TU40639, TU42221, TU42905, TU4961","Male_Unique"
"GO:0010608","post-transcriptional regulation of gene ...",92,19,7.54,0.00074,"TU15074, TU18493, TU18832, TU1909, TU1911, TU1914, TU1916, TU1918, TU19827, TU24974, TU29903, TU29905, TU34083, TU39437, TU40639, TU42221, TU42905, TU4913, TU4961","Male_Unique"
"GO:0072330","monocarboxylic acid biosynthetic process",64,10,5.25,0.00085,"TU10592, TU1447, TU14654, TU15923, TU15925, TU15930, TU21576, TU21578, TU26499, TU534","Male_Unique"
"GO:0051248","negative regulation of protein metabolic...",64,14,5.25,0.00088,"TU14321, TU15074, TU2459, TU27517, TU27706, TU27707, TU29903, TU29905, TU37143, TU37560, TU39397, TU39437, TU40639, TU42221","Male_Unique"
"GO:0043170","macromolecule metabolic process",6128,568,502.44,0.00103,"TU10037, TU10227, TU10366, TU10373, TU10374, TU10653, TU10754, TU1085, TU10902, TU10906, TU10912, TU10915, TU11061, TU11073, TU11132, TU11150, TU1118, TU11314, TU11370, TU11374, TU11396, TU11453, TU11473, TU11480, TU1153, TU11642, TU11700, TU11881, TU11938, TU11957, TU11980, TU12243, TU12293, TU12349, TU1240, TU12431, TU12449, TU12554, TU12576, TU12601, TU12633, TU1264, TU1268, TU12680, TU12691, TU12712, TU12801, TU12831, TU12937, TU12948, TU12972, TU13117, TU13212, TU1323, TU13278, TU13291, TU13297, TU13312, TU13315, TU13329, TU13426, TU13475, TU13663, TU13679, TU13684, TU13711, TU13732, TU1375, TU13917, TU13985, TU14166, TU14321, TU14392, TU144, TU14444, TU14528, TU14531, TU14546, TU1456, TU14665, TU14668, TU14669, TU14701, TU14752, TU1488, TU15074, TU15122, TU15273, TU15374, TU15454, TU1551, TU15629, TU15647, TU15712, TU15805, TU15911, TU15942, TU15944, TU16069, TU16172, TU16175, TU16181, TU16203, TU16241, TU16327, TU16336, TU16521, TU16597, TU16632, TU16701, TU16851, TU16937, TU17058, TU17059, TU17061, TU17218, TU17280, TU17334, TU17471, TU17579, TU17645, TU17789, TU17965, TU1798, TU1801, TU18023, TU18025, TU18057, TU1809, TU18106, TU18109, TU1811, TU18111, TU18117, TU18158, TU18167, TU18244, TU18258, TU18380, TU18385, TU18408, TU18493, TU18543, TU18570, TU18600, TU18832, TU18880, TU19027, TU19042, TU19056, TU1909, TU1911, TU1914, TU1916, TU1918, TU19337, TU19380, TU19390, TU1943, TU1947, TU1953, TU19727, TU19730, TU19808, TU19819, TU19827, TU19903, TU19956, TU19959, TU2002, TU20088, TU20117, TU20118, TU20190, TU20477, TU20496, TU20497, TU20509, TU20663, TU20751, TU20846, TU210, TU21021, TU21051, TU21200, TU21336, TU2137, TU21441, TU21465, TU21798, TU21801, TU21836, TU2184, TU21848, TU2195, TU2232, TU22351, TU2242, TU22455, TU22456, TU22459, TU22462, TU22606, TU22608, TU22627, TU22658, TU22691, TU23028, TU2303, TU23041, TU23078, TU23080, TU2321, TU23227, TU2329, TU23373, TU23446, TU23462, TU23608, TU23767, TU24082, TU24173, TU24179, TU24304, TU24340, TU2435, TU24383, TU24438, TU24521, TU24551, TU24554, TU2456, TU2459, TU24735, TU24918, TU24938, TU24974, TU24998, TU24999, TU25003, TU25190, TU25317, TU25522, TU25540, TU25602, TU25673, TU25706, TU25789, TU25804, TU26055, TU26235, TU26239, TU26323, TU26350, TU26444, TU26511, TU26572, TU26582, TU26722, TU26725, TU26910, TU26912, TU27075, TU27095, TU27157, TU27159, TU27189, TU27203, TU27517, TU27594, TU27706, TU27707, TU27807, TU2784, TU27878, TU27895, TU28103, TU28167, TU28265, TU28439, TU28454, TU28474, TU28770, TU28875, TU28941, TU290, TU29103, TU29104, TU29106, TU29195, TU29357, TU29374, TU29419, TU29434, TU29464, TU29490, TU2969, TU29701, TU29727, TU29752, TU29903, TU29905, TU2995, TU29979, TU30141, TU30221, TU30222, TU30226, TU30436, TU30448, TU30554, TU30595, TU30809, TU3082, TU30970, TU3110, TU31144, TU31146, TU31256, TU31271, TU31394, TU31404, TU31435, TU31601, TU31732, TU31747, TU31870, TU31964, TU32014, TU32129, TU32132, TU32173, TU3220, TU32247, TU32251, TU32266, TU32334, TU32456, TU3249, TU3250, TU32654, TU32659, TU32784, TU32808, TU33271, TU3331, TU33462, TU33524, TU33731, TU33754, TU33770, TU34083, TU34344, TU34388, TU34440, TU34441, TU34559, TU34634, TU34641, TU34666, TU3467, TU34799, TU34800, TU34893, TU34894, TU34898, TU34919, TU34928, TU35091, TU35245, TU35246, TU35333, TU35532, TU35534, TU35560, TU35615, TU35654, TU35655, TU35656, TU35657, TU3583, TU36093, TU36097, TU36245, TU36268, TU36435, TU3655, TU36676, TU36724, TU3673, TU3674, TU36793, TU3680, TU3681, TU36811, TU36816, TU36820, TU3685, TU3687, TU37029, TU37031, TU37069, TU37143, TU37478, TU37526, TU37541, TU37560, TU37628, TU37657, TU37665, TU37718, TU37885, TU37949, TU37970, TU37982, TU38389, TU38442, TU38566, TU38654, TU3866, TU38814, TU38828, TU38847, TU38879, TU38968, TU38972, TU39042, TU39095, TU39122, TU39233, TU39299, TU39309, TU39361, TU39397, TU39418, TU39424, TU39437, TU39468, TU39500, TU39643, TU39973, TU40024, TU40098, TU40415, TU40459, TU4047, TU40583, TU40609, TU40639, TU4080, TU40844, TU4096, TU40967, TU40980, TU40981, TU41263, TU41300, TU41336, TU41361, TU41374, TU41379, TU41395, TU41439, TU41479, TU41520, TU41680, TU41729, TU41764, TU4177, TU41884, TU41895, TU42049, TU42221, TU42266, TU42267, TU42329, TU42660, TU42742, TU42905, TU4311, TU43311, TU43381, TU43462, TU43612, TU43770, TU44038, TU44101, TU4415, TU4416, TU4417, TU44293, TU44522, TU44601, TU44607, TU44627, TU44684, TU44797, TU45217, TU45402, TU45448, TU45634, TU45640, TU4586, TU4604, TU4610, TU4735, TU48, TU4890, TU4909, TU4913, TU4934, TU4961, TU4962, TU4968, TU5006, TU5021, TU5022, TU5023, TU5049, TU5159, TU5269, TU534, TU5781, TU5850, TU5910, TU601, TU6238, TU6280, TU6353, TU6371, TU6386, TU6505, TU6712, TU6786, TU7018, TU7105, TU7113, TU7168, TU72, TU7239, TU7259, TU7280, TU7327, TU7349, TU7428, TU7505, TU7530, TU7542, TU7572, TU7615, TU7715, TU8360, TU842, TU847, TU8501, TU8505, TU8612, TU8686, TU8760, TU8818, TU9121, TU9212, TU9518, TU9555, TU9567, TU9615, TU9753, TU9840","Male_Unique"
"GO:0042558","pteridine-containing compound metabolic ...",26,8,2.13,0.00119,"TU27924, TU27925, TU27926, TU27928, TU27929, TU32082, TU5924, TU6186","Male_Unique"
"GO:0030036","actin cytoskeleton organization",122,18,10,0.00135,"TU11324, TU13731, TU13969, TU17387, TU18671, TU22524, TU22670, TU22671, TU2317, TU23228, TU23555, TU2509, TU2510, TU30782, TU4507, TU4512, TU4932, TU6907","Male_Unique"
"GO:0050804","modulation of chemical synaptic transmis...",32,5,2.62,0.00254,"TU12977, TU23939, TU28228, TU30129, TU4054","Male_Unique"
"GO:0006694","steroid biosynthetic process",16,6,1.31,0.00267,"TU13521, TU26948, TU26949, TU28829, TU37153, TU41061","Male_Unique"
"GO:0034404","nucleobase-containing small molecule bio...",13,5,1.07,0.00406,"TU14604, TU15199, TU2431, TU43108, TU43370","Male_Unique"
"GO:0019222","regulation of metabolic process",1537,159,126.02,0.00454,"TU10366, TU10373, TU10374, TU11314, TU11370, TU11473, TU11642, TU11957, TU12293, TU12948, TU13212, TU1323, TU13278, TU13329, TU13985, TU14321, TU144, TU14531, TU14752, TU15074, TU15374, TU1551, TU15712, TU15942, TU16203, TU16447, TU17058, TU17059, TU17061, TU1809, TU18158, TU18167, TU18493, TU18600, TU18832, TU19042, TU1909, TU1911, TU1914, TU1916, TU1918, TU19732, TU19819, TU19827, TU20751, TU21021, TU21200, TU22691, TU2303, TU23041, TU23078, TU23080, TU23373, TU23446, TU2435, TU24521, TU2459, TU24974, TU25540, TU25804, TU26055, TU26235, TU26239, TU26582, TU26910, TU26912, TU27095, TU27157, TU27159, TU27517, TU27706, TU27707, TU28439, TU28677, TU29374, TU29434, TU29490, TU29752, TU29903, TU29905, TU2995, TU30436, TU30554, TU30809, TU3082, TU3110, TU31146, TU3220, TU32456, TU32654, TU32659, TU33754, TU34083, TU34559, TU34893, TU34894, TU34928, TU35333, TU35615, TU3583, TU36268, TU3673, TU3674, TU3680, TU3681, TU36811, TU36816, TU3685, TU3687, TU37143, TU37560, TU37665, TU37718, TU37982, TU38442, TU39233, TU39397, TU39424, TU39437, TU39643, TU39973, TU40459, TU4047, TU40639, TU40980, TU40981, TU41361, TU41374, TU41379, TU41495, TU41884, TU42221, TU42742, TU42905, TU4311, TU43311, TU43770, TU44101, TU44627, TU44797, TU45448, TU45634, TU45640, TU4913, TU4961, TU5006, TU5269, TU5781, TU6371, TU6505, TU7259, TU7280, TU7572, TU8005, TU8686, TU9012, TU9518, TU965, TU9840","Male_Unique"
"GO:0035268","protein mannosylation",21,6,1.72,0.00457,"TU12712, TU16597, TU19903, TU20190, TU32014, TU39418","Male_Unique"
"GO:0008152","metabolic process",8384,729,687.41,0.00468,"TU10037, TU10188, TU10227, TU10366, TU10373, TU10374, TU10592, TU10653, TU10754, TU1085, TU10902, TU10906, TU10912, TU10915, TU11061, TU11073, TU11132, TU11150, TU1118, TU11272, TU11314, TU11370, TU11374, TU11396, TU11453, TU11473, TU11480, TU1153, TU11642, TU11700, TU11881, TU11938, TU11942, TU11957, TU11968, TU11980, TU12061, TU12243, TU12293, TU12349, TU12360, TU1240, TU12431, TU12433, TU12449, TU12554, TU12576, TU12601, TU12633, TU1264, TU1268, TU12680, TU12691, TU12712, TU12801, TU12831, TU12937, TU12948, TU12972, TU13117, TU13212, TU1323, TU13237, TU13278, TU13291, TU13297, TU13312, TU13315, TU13329, TU13426, TU13475, TU13521, TU13663, TU13679, TU13684, TU13695, TU13711, TU13732, TU1375, TU13917, TU13985, TU14060, TU14166, TU14264, TU14321, TU14392, TU144, TU14444, TU1447, TU14528, TU14531, TU14546, TU1456, TU14604, TU14654, TU14665, TU14668, TU14669, TU14701, TU14752, TU14760, TU14796, TU14861, TU1488, TU15074, TU15122, TU15199, TU15202, TU15207, TU15273, TU15319, TU15320, TU15374, TU15454, TU1551, TU15629, TU15647, TU15712, TU15805, TU15820, TU15880, TU15911, TU15923, TU15925, TU15930, TU15942, TU15944, TU16069, TU16172, TU16175, TU16181, TU16203, TU16241, TU16327, TU16336, TU16447, TU16521, TU16597, TU16632, TU16654, TU16701, TU16753, TU16851, TU16937, TU17009, TU17010, TU17058, TU17059, TU17061, TU17182, TU17218, TU17237, TU17280, TU17334, TU17350, TU17471, TU17579, TU17645, TU17770, TU17789, TU17965, TU1798, TU1801, TU18023, TU18025, TU18057, TU1809, TU18106, TU18109, TU1811, TU18111, TU18117, TU18158, TU18167, TU18244, TU18258, TU18380, TU18385, TU18408, TU18430, TU18493, TU18543, TU18570, TU18600, TU18832, TU18880, TU19027, TU19042, TU19056, TU1909, TU1911, TU1914, TU1916, TU1918, TU19337, TU19380, TU19385, TU19390, TU1943, TU19443, TU1947, TU1953, TU19590, TU19727, TU19730, TU19732, TU19808, TU19819, TU19827, TU19903, TU19956, TU19959, TU2002, TU20088, TU20117, TU20118, TU20188, TU20190, TU20477, TU20496, TU20497, TU20509, TU20663, TU20751, TU20846, TU210, TU21021, TU21051, TU21200, TU21336, TU2137, TU21441, TU21460, TU21465, TU21576, TU21578, TU21798, TU21801, TU21836, TU2184, TU21848, TU21889, TU2195, TU22058, TU2232, TU22323, TU22351, TU2242, TU22455, TU22456, TU22459, TU22462, TU22606, TU22608, TU22627, TU22658, TU22691, TU22817, TU22919, TU23028, TU2303, TU23041, TU23049, TU23078, TU23080, TU23135, TU2321, TU23227, TU23238, TU2329, TU23373, TU23446, TU23462, TU23608, TU23767, TU2386, TU23994, TU24082, TU24173, TU24179, TU24304, TU2431, TU24340, TU2435, TU24383, TU24438, TU24521, TU24551, TU24554, TU2456, TU2459, TU24599, TU24735, TU24918, TU24938, TU24974, TU24998, TU24999, TU25003, TU25011, TU25158, TU25190, TU25317, TU25371, TU25522, TU25540, TU25569, TU25574, TU25602, TU25673, TU25706, TU25789, TU25804, TU26055, TU26196, TU26235, TU26239, TU26323, TU26350, TU2636, TU26444, TU26499, TU26511, TU26572, TU26582, TU26722, TU26725, TU26910, TU26912, TU26948, TU26949, TU26976, TU27075, TU27095, TU27157, TU27159, TU27189, TU27203, TU27517, TU27594, TU27666, TU27706, TU27707, TU27807, TU2784, TU27878, TU27895, TU27924, TU27925, TU27926, TU27928, TU27929, TU28103, TU28167, TU28265, TU28439, TU28454, TU28474, TU28677, TU2872, TU28770, TU28829, TU28875, TU28941, TU290, TU29103, TU29104, TU29106, TU29195, TU29357, TU29374, TU29419, TU29434, TU29464, TU29490, TU2950, TU29616, TU29658, TU2969, TU29701, TU2972, TU29727, TU29752, TU29903, TU29905, TU2995, TU29979, TU30123, TU30141, TU30221, TU30222, TU30226, TU30436, TU30448, TU30554, TU30595, TU30809, TU3082, TU30970, TU3110, TU31144, TU31146, TU31240, TU31256, TU31271, TU31394, TU31404, TU31435, TU31583, TU31585, TU31601, TU31732, TU31747, TU31870, TU31964, TU32014, TU32082, TU32129, TU32132, TU32173, TU3220, TU32247, TU32251, TU32266, TU32334, TU32456, TU3249, TU3250, TU32654, TU32659, TU32784, TU32808, TU33271, TU33275, TU3331, TU33462, TU33492, TU33524, TU33731, TU33754, TU33770, TU3383, TU34083, TU34135, TU34344, TU34388, TU34440, TU34441, TU34559, TU3462, TU34634, TU34641, TU34666, TU3467, TU34799, TU34800, TU34893, TU34894, TU34898, TU34919, TU34928, TU35091, TU35245, TU35246, TU35333, TU35532, TU35534, TU35560, TU35575, TU35615, TU35654, TU35655, TU35656, TU35657, TU35799, TU3583, TU35974, TU35975, TU36025, TU36067, TU36093, TU36097, TU36220, TU36245, TU36268, TU36336, TU36435, TU36449, TU3655, TU36676, TU36724, TU3673, TU36738, TU3674, TU36793, TU3680, TU3681, TU36811, TU36816, TU36820, TU3685, TU3687, TU36902, TU36921, TU37029, TU37031, TU37069, TU37143, TU37153, TU37478, TU37526, TU37541, TU37560, TU37628, TU37657, TU37665, TU37705, TU37718, TU37731, TU37767, TU37885, TU37949, TU37970, TU37982, TU37987, TU38389, TU38442, TU38566, TU38569, TU38570, TU38654, TU3866, TU38669, TU3870, TU38814, TU38828, TU38847, TU38879, TU38968, TU38972, TU39042, TU39095, TU39122, TU39233, TU39271, TU39282, TU39299, TU39309, TU39361, TU39397, TU39418, TU39424, TU39437, TU39468, TU39500, TU39643, TU39973, TU40024, TU40036, TU40043, TU40098, TU40353, TU40415, TU40459, TU4047, TU40583, TU40609, TU40639, TU4080, TU40812, TU40844, TU4096, TU40966, TU40967, TU40980, TU40981, TU41061, TU41166, TU41263, TU41300, TU41336, TU41361, TU41374, TU41379, TU41395, TU41439, TU41479, TU41495, TU41520, TU41680, TU41729, TU41764, TU4177, TU41827, TU41884, TU41895, TU42049, TU42221, TU42266, TU42267, TU42315, TU42329, TU4262, TU42660, TU42719, TU42742, TU42776, TU42905, TU42998, TU43108, TU4311, TU43290, TU43311, TU43370, TU43381, TU43462, TU43612, TU43770, TU43871, TU44038, TU44101, TU4415, TU4416, TU4417, TU44293, TU44345, TU44522, TU44601, TU44607, TU44627, TU44684, TU4469, TU44797, TU45086, TU45217, TU45402, TU45448, TU4545, TU4556, TU45634, TU45640, TU4586, TU4604, TU4610, TU4679, TU4735, TU48, TU4874, TU4890, TU4909, TU4913, TU4934, TU4961, TU4962, TU4968, TU5006, TU5021, TU5022, TU5023, TU5049, TU5159, TU5269, TU534, TU5358, TU5745, TU5781, TU5850, TU5910, TU5924, TU601, TU6186, TU6220, TU6221, TU6238, TU6280, TU6353, TU6371, TU6386, TU6505, TU663, TU6712, TU6786, TU6807, TU6808, TU7018, TU7105, TU7113, TU7168, TU72, TU7239, TU7259, TU7280, TU7327, TU7349, TU7428, TU7505, TU7530, TU7542, TU7572, TU7615, TU7623, TU7715, TU781, TU7858, TU8005, TU8224, TU8360, TU842, TU847, TU8494, TU8501, TU8505, TU8612, TU8673, TU8686, TU8717, TU8720, TU8760, TU8818, TU9012, TU9121, TU9212, TU9518, TU9555, TU9567, TU9615, TU965, TU9753, TU9840","Male_Unique"
"GO:0017148","negative regulation of translation",17,6,1.39,0.00602,"TU15074, TU29903, TU29905, TU39437, TU40639, TU42221","Male_Unique"
"GO:0016559","peroxisome fission",6,3,0.49,0.00607,"TU20309, TU20310, TU29564","Male_Unique"
"GO:0042451","purine nucleoside biosynthetic process",12,4,0.98,0.00671,"TU14604, TU2431, TU43108, TU43370","Male_Unique"
"GO:0006366","transcription by RNA polymerase II",563,63,46.16,0.00677,"TU10366, TU10373, TU10374, TU11370, TU11957, TU12948, TU13985, TU144, TU1551, TU15712, TU17058, TU17059, TU17061, TU18600, TU20751, TU21021, TU21051, TU22691, TU2303, TU24304, TU24521, TU25804, TU26055, TU28454, TU29374, TU29752, TU3220, TU32456, TU32659, TU32784, TU34441, TU34559, TU35333, TU3583, TU36268, TU3673, TU3674, TU3680, TU3681, TU36816, TU3685, TU3687, TU37665, TU37982, TU38814, TU39233, TU39424, TU40459, TU41263, TU41336, TU41374, TU41379, TU4311, TU43381, TU43770, TU44627, TU44797, TU45448, TU5781, TU6505, TU7280, TU7505, TU9840","Male_Unique"
"GO:0050886","endocrine process",4,2,0.33,0.00723,"TU34091, TU34092","Male_Unique"
"GO:1901617","organic hydroxy compound biosynthetic pr...",55,11,4.51,0.00793,"TU13521, TU14264, TU17770, TU26948, TU26949, TU28829, TU32082, TU37153, TU41061, TU43290, TU7858","Male_Unique"
"GO:0006760","folic acid-containing compound metabolic...",23,7,1.89,0.00793,"TU27924, TU27925, TU27926, TU27928, TU27929, TU5924, TU6186","Male_Unique"
"GO:0000245","spliceosomal complex assembly",12,4,0.98,0.00807,"TU13679, TU29419, TU31256, TU32173","Male_Unique"
"GO:0000479","endonucleolytic cleavage of tricistronic...",2,2,0.16,0.0084,"TU24340, TU37478","Male_Unique"
"GO:0043096","purine nucleobase salvage",2,2,0.16,0.00855,"TU14604, TU43370","Male_Unique"
"GO:0030029","actin filament-based process",122,18,10,0.00947,"TU11324, TU13731, TU13969, TU17387, TU18671, TU22524, TU22670, TU22671, TU2317, TU23228, TU23555, TU2509, TU2510, TU30782, TU4507, TU4512, TU4932, TU6907","Male_Unique"
"GO:0005975","carbohydrate metabolic process",515,95,37.21,5.2e-17,"TU10734, TU10735, TU10929, TU11299, TU12663, TU14289, TU15424, TU1563, TU1564, TU16467, TU16536, TU16537, TU16538, TU1666, TU17179, TU17181, TU17184, TU17249, TU17251, TU17878, TU19654, TU20125, TU20130, TU20934, TU23054, TU23055, TU23058, TU23856, TU24884, TU2522, TU25369, TU25374, TU25375, TU25376, TU26043, TU26044, TU26335, TU26340, TU26341, TU26342, TU26344, TU27915, TU28028, TU28281, TU29151, TU29366, TU29450, TU29453, TU29676, TU30403, TU30483, TU30635, TU3103, TU31039, TU31776, TU31812, TU34490, TU35732, TU36086, TU37074, TU37844, TU38804, TU38903, TU38904, TU40205, TU40381, TU41583, TU42106, TU4245, TU43044, TU44053, TU44054, TU44478, TU44564, TU44625, TU44940, TU45127, TU4680, TU4840, TU4841, TU4843, TU4845, TU4846, TU4847, TU4848, TU4849, TU4850, TU4851, TU6802, TU7761, TU8866, TU8878, TU9785, TU9786, TU9788","Shared_No_Interaction"
"GO:0000272","polysaccharide catabolic process",26,16,1.88,1.6e-11,"TU16536, TU16537, TU16538, TU30403, TU30635, TU4840, TU4841, TU4843, TU4845, TU4846, TU4847, TU4848, TU4849, TU4850, TU4851, TU7761","Shared_No_Interaction"
"GO:0005976","polysaccharide metabolic process",49,19,3.54,2.9e-10,"TU16536, TU16537, TU16538, TU30403, TU30635, TU37074, TU45127, TU4840, TU4841, TU4843, TU4845, TU4846, TU4847, TU4848, TU4849, TU4850, TU4851, TU7761, TU8878","Shared_No_Interaction"
"GO:0006520","amino acid metabolic process",292,52,21.1,4.2e-09,"TU10919, TU11268, TU12090, TU1218, TU12356, TU12357, TU12361, TU12362, TU12364, TU13768, TU16616, TU16755, TU16915, TU17249, TU17251, TU18344, TU18635, TU19374, TU19989, TU21510, TU22089, TU24424, TU24640, TU24817, TU2617, TU27422, TU27423, TU29126, TU32858, TU32860, TU32969, TU34614, TU36086, TU37458, TU376, TU37822, TU39832, TU39881, TU40754, TU40931, TU40932, TU42763, TU43618, TU43722, TU45041, TU4842, TU5991, TU6444, TU6516, TU7431, TU810, TU8782","Shared_No_Interaction"
"GO:0006091","generation of precursor metabolites and ...",197,38,14.23,1.1e-07,"TU11299, TU11800, TU12297, TU12689, TU13373, TU14739, TU15821, TU16467, TU1666, TU21182, TU25150, TU25202, TU27532, TU28535, TU28538, TU28836, TU29657, TU33675, TU35976, TU35977, TU36519, TU37074, TU37844, TU37918, TU39683, TU39704, TU39730, TU40007, TU40008, TU41231, TU43242, TU45127, TU4929, TU6279, TU8563, TU8578, TU8866, TU8878","Shared_No_Interaction"
"GO:0016070","RNA metabolic process",2021,122,146.02,2.6e-07,"TU10190, TU10400, TU1068, TU11268, TU11643, TU11724, TU11775, TU12090, TU12644, TU12699, TU13446, TU13768, TU13896, TU13963, TU14325, TU15720, TU16346, TU16785, TU1729, TU17425, TU17727, TU178, TU18112, TU18234, TU18528, TU18546, TU18635, TU18720, TU18896, TU19569, TU19623, TU19989, TU20604, TU21468, TU21608, TU22140, TU22620, TU23511, TU24219, TU24309, TU24424, TU25051, TU25053, TU25895, TU25925, TU26079, TU2617, TU26234, TU26304, TU26345, TU26518, TU26532, TU26723, TU27597, TU27665, TU28101, TU28153, TU2853, TU28561, TU28869, TU29070, TU29459, TU29461, TU29734, TU29945, TU30699, TU30879, TU31612, TU31736, TU32147, TU32172, TU3218, TU32722, TU32836, TU32969, TU3348, TU3390, TU3391, TU34158, TU3589, TU3676, TU376, TU37822, TU38055, TU38172, TU38626, TU38892, TU39381, TU39466, TU40204, TU40309, TU40785, TU41104, TU41114, TU41400, TU41620, TU42380, TU42763, TU43090, TU43131, TU43132, TU44626, TU44865, TU4988, TU5166, TU5393, TU5394, TU5414, TU58, TU6202, TU6232, TU6257, TU6720, TU7140, TU7250, TU7563, TU8316, TU8803, TU8806, TU8853, TU9726, TU9836","Shared_No_Interaction"
"GO:0016052","carbohydrate catabolic process",70,22,5.06,8.5e-06,"TU16536, TU16537, TU16538, TU17249, TU17251, TU23856, TU30403, TU30635, TU3103, TU36086, TU4840, TU4841, TU4843, TU4845, TU4846, TU4847, TU4848, TU4849, TU4850, TU4851, TU7761, TU8866","Shared_No_Interaction"
"GO:0044281","small molecule metabolic process",879,104,63.51,1.3e-05,"TU10734, TU10735, TU10746, TU10919, TU11299, TU1218, TU1229, TU12663, TU13113, TU13519, TU13941, TU16182, TU16467, TU16616, TU1666, TU16755, TU16915, TU18344, TU18933, TU19024, TU20308, TU20622, TU21510, TU21577, TU21689, TU21690, TU22089, TU22558, TU23856, TU24600, TU24640, TU24817, TU25351, TU26044, TU26329, TU26334, TU26532, TU27422, TU27423, TU27651, TU27919, TU27920, TU27921, TU29126, TU29657, TU29700, TU3100, TU3103, TU31239, TU31812, TU32097, TU32359, TU32462, TU32792, TU32858, TU32860, TU33215, TU33401, TU33402, TU34490, TU34614, TU35248, TU35249, TU37074, TU37458, TU37844, TU38804, TU39029, TU39832, TU39853, TU39881, TU40743, TU40754, TU40931, TU40932, TU42291, TU43071, TU43618, TU43722, TU43758, TU44053, TU44054, TU44963, TU45041, TU45127, TU4591, TU4761, TU4842, TU6444, TU6516, TU6802, TU6829, TU7479, TU7957, TU7958, TU810, TU8302, TU8323, TU8564, TU8599, TU8782, TU8866, TU9866, TU9869","Shared_No_Interaction"
"GO:0051273","beta-glucan metabolic process",22,16,1.59,1.8e-05,"TU16536, TU16537, TU16538, TU30403, TU30635, TU4840, TU4841, TU4843, TU4845, TU4846, TU4847, TU4848, TU4849, TU4850, TU4851, TU7761","Shared_No_Interaction"
"GO:0006082","organic acid metabolic process",363,51,26.23,2.1e-05,"TU10919, TU11299, TU1218, TU13941, TU16467, TU16616, TU1666, TU16755, TU16915, TU18344, TU21510, TU21577, TU21689, TU21690, TU22089, TU24640, TU24817, TU25351, TU26334, TU26532, TU27422, TU27423, TU27651, TU29126, TU32462, TU32858, TU32860, TU33215, TU34614, TU37458, TU39832, TU39853, TU39881, TU40754, TU40931, TU40932, TU42291, TU43618, TU43722, TU45041, TU4591, TU4842, TU6444, TU6516, TU7957, TU7958, TU810, TU8564, TU8782, TU8866, TU9869","Shared_No_Interaction"
"GO:0006412","translation",465,55,33.6,2.4e-05,"TU11268, TU11724, TU11906, TU12090, TU1259, TU12644, TU13005, TU13230, TU1333, TU13343, TU13768, TU14741, TU1640, TU16526, TU17130, TU18635, TU19989, TU20071, TU21167, TU22980, TU24424, TU24441, TU25114, TU25525, TU25582, TU2617, TU26859, TU27717, TU28016, TU30725, TU31399, TU32969, TU33916, TU3408, TU34794, TU34795, TU34796, TU36526, TU37475, TU376, TU37822, TU39585, TU39917, TU40891, TU42190, TU42763, TU44010, TU4629, TU5887, TU6630, TU7128, TU7164, TU7779, TU7780, TU7890","Shared_No_Interaction"
"GO:0008152","metabolic process",8384,666,605.76,2.9e-05,"TU10044, TU10163, TU10165, TU10190, TU10209, TU10400, TU1052, TU10576, TU10599, TU1068, TU10734, TU10735, TU10746, TU10813, TU10919, TU10929, TU11126, TU11133, TU11168, TU11268, TU11299, TU11421, TU1145, TU1151, TU1152, TU11547, TU11643, TU11698, TU11724, TU11775, TU11800, TU11877, TU11906, TU12090, TU1218, TU12220, TU1229, TU12297, TU1230, TU12316, TU12356, TU12357, TU12361, TU12362, TU12364, TU1259, TU12644, TU1266, TU12663, TU12689, TU12692, TU12693, TU12699, TU12906, TU12912, TU12971, TU12985, TU13005, TU13113, TU13230, TU1333, TU13343, TU13350, TU13373, TU13446, TU13519, TU13745, TU13768, TU13769, TU13896, TU13912, TU13941, TU13963, TU14107, TU14289, TU14325, TU14505, TU1452, TU14664, TU14724, TU14739, TU14741, TU14821, TU14970, TU14971, TU14979, TU15064, TU15067, TU15175, TU154, TU15424, TU15616, TU15620, TU1563, TU1564, TU15720, TU15821, TU15913, TU16039, TU16080, TU1613, TU1614, TU16182, TU16245, TU16258, TU16346, TU1640, TU16467, TU16526, TU16536, TU16537, TU16538, TU16616, TU16643, TU1666, TU16755, TU16785, TU16915, TU17099, TU17100, TU17130, TU17179, TU17181, TU17184, TU17249, TU17251, TU1729, TU17424, TU17425, TU17727, TU178, TU17878, TU17898, TU17900, TU17928, TU18046, TU18064, TU18112, TU18179, TU18203, TU18234, TU18344, TU18528, TU18537, TU18538, TU18546, TU18635, TU18720, TU18788, TU18789, TU18790, TU18896, TU18933, TU19010, TU19024, TU19374, TU19569, TU19623, TU19642, TU19654, TU19767, TU19769, TU19958, TU19989, TU20071, TU20125, TU20130, TU20138, TU20299, TU20303, TU20308, TU20320, TU2033, TU20604, TU20622, TU20702, TU20873, TU20934, TU21167, TU21182, TU21455, TU21468, TU21489, TU21510, TU21577, TU21593, TU21608, TU21689, TU21690, TU21803, TU21966, TU22089, TU22140, TU22298, TU22401, TU22558, TU22620, TU22980, TU23054, TU23055, TU23058, TU23511, TU23582, TU23856, TU24219, TU24309, TU24424, TU24441, TU24600, TU24615, TU24640, TU24817, TU24884, TU25009, TU25017, TU25042, TU25051, TU25053, TU25114, TU25130, TU25136, TU25137, TU25150, TU25202, TU2522, TU25351, TU25369, TU25374, TU25375, TU25376, TU25525, TU25530, TU25582, TU25689, TU25724, TU25895, TU25925, TU25930, TU26007, TU26043, TU26044, TU26079, TU2617, TU26234, TU26304, TU26329, TU26334, TU26335, TU26340, TU26341, TU26342, TU26344, TU26345, TU26348, TU2650, TU26518, TU26532, TU26586, TU26682, TU26723, TU26859, TU26944, TU27368, TU27369, TU27394, TU27422, TU27423, TU27532, TU27597, TU27651, TU27665, TU27717, TU27915, TU27919, TU27920, TU27921, TU28016, TU28028, TU28101, TU28153, TU28281, TU28308, TU28309, TU28311, TU28319, TU2834, TU28494, TU2853, TU28535, TU28538, TU28561, TU2871, TU28711, TU28836, TU28869, TU28912, TU2901, TU29070, TU29126, TU29151, TU29230, TU29329, TU29366, TU29450, TU29453, TU29459, TU29461, TU29472, TU29635, TU29657, TU29676, TU29700, TU29726, TU29734, TU29784, TU29945, TU30220, TU30225, TU30403, TU30471, TU30483, TU30609, TU30635, TU30699, TU30725, TU30879, TU30973, TU30974, TU30975, TU3100, TU3103, TU31039, TU31239, TU31399, TU31450, TU31460, TU31554, TU31612, TU31638, TU31703, TU31736, TU31776, TU31809, TU31812, TU32013, TU3204, TU32063, TU32080, TU32097, TU32147, TU32172, TU3218, TU32253, TU32254, TU32257, TU32359, TU32462, TU32486, TU32605, TU32722, TU32790, TU32792, TU32836, TU32858, TU32860, TU32889, TU32969, TU33197, TU33215, TU33279, TU33401, TU33402, TU3348, TU33617, TU33675, TU3390, TU3391, TU33916, TU33947, TU33948, TU3408, TU34158, TU34160, TU34386, TU34389, TU34418, TU34427, TU34490, TU34614, TU34704, TU34787, TU34789, TU34790, TU34794, TU34795, TU34796, TU34802, TU34803, TU34981, TU34985, TU35149, TU35243, TU35244, TU35248, TU35249, TU35732, TU35800, TU35819, TU3589, TU35894, TU35976, TU35977, TU36006, TU36086, TU36153, TU36288, TU36337, TU3641, TU3642, TU3643, TU36438, TU36457, TU36459, TU3647, TU3648, TU3649, TU36497, TU36519, TU36526, TU36578, TU36677, TU36688, TU3676, TU37015, TU37068, TU37074, TU37085, TU37180, TU3729, TU37354, TU37359, TU37458, TU37475, TU376, TU37686, TU37822, TU37844, TU37918, TU37962, TU38055, TU38091, TU38172, TU38472, TU38524, TU38626, TU38804, TU38807, TU38856, TU38892, TU38903, TU38904, TU39029, TU39105, TU39226, TU39229, TU39230, TU39232, TU39381, TU39466, TU39585, TU39652, TU39683, TU39704, TU39730, TU3982, TU39832, TU39853, TU39881, TU39917, TU40007, TU40008, TU40045, TU40081, TU40204, TU40205, TU40237, TU40309, TU40361, TU40381, TU40525, TU40526, TU40735, TU40743, TU40754, TU40785, TU40829, TU40891, TU40931, TU40932, TU40964, TU41104, TU41114, TU41182, TU41231, TU41298, TU41304, TU41390, TU41400, TU41429, TU41440, TU4156, TU41583, TU41592, TU41620, TU41994, TU42000, TU42106, TU42190, TU42291, TU42380, TU4245, TU42477, TU42485, TU42490, TU42614, TU42763, TU42996, TU43044, TU43071, TU43090, TU43131, TU43132, TU43242, TU43374, TU43421, TU43559, TU43597, TU43618, TU43722, TU43758, TU44010, TU44053, TU44054, TU44254, TU44478, TU4450, TU44564, TU44625, TU44626, TU44733, TU4482, TU44865, TU44940, TU44946, TU44963, TU45041, TU45050, TU45127, TU45434, TU45592, TU4565, TU4591, TU4629, TU4680, TU4761, TU4840, TU4841, TU4842, TU4843, TU4845, TU4846, TU4847, TU4848, TU4849, TU4850, TU4851, TU4929, TU4988, TU5031, TU5166, TU5393, TU5394, TU5414, TU546, TU5775, TU58, TU5864, TU5887, TU5991, TU603, TU607, TU6090, TU6106, TU6202, TU6232, TU6257, TU6279, TU6444, TU6462, TU6516, TU6581, TU6619, TU6630, TU6720, TU6755, TU6802, TU6829, TU7128, TU7140, TU7164, TU7250, TU7431, TU7479, TU7500, TU7563, TU7728, TU7761, TU7779, TU7780, TU7839, TU7890, TU7957, TU7958, TU7991, TU8002, TU8081, TU810, TU8152, TU8193, TU827, TU8302, TU8316, TU8323, TU8441, TU8563, TU8564, TU8578, TU8599, TU8742, TU8774, TU8782, TU8803, TU8806, TU8853, TU8866, TU8878, TU9186, TU9187, TU9188, TU9189, TU9190, TU9191, TU9192, TU9262, TU9349, TU941, TU9677, TU9687, TU9713, TU9726, TU9785, TU9786, TU9788, TU9836, TU9866, TU9869","Shared_No_Interaction"
"GO:0009063","amino acid catabolic process",51,16,3.68,4.3e-05,"TU10919, TU16915, TU17249, TU17251, TU21510, TU32858, TU32860, TU36086, TU37458, TU39881, TU40754, TU43722, TU45041, TU6444, TU6516, TU810","Shared_No_Interaction"
"GO:1902600","proton transmembrane transport",45,10,3.25,7.3e-05,"TU10746, TU12749, TU2467, TU2619, TU3432, TU35976, TU35977, TU36333, TU43080, TU44470","Shared_No_Interaction"
"GO:0006508","proteolysis",1165,111,84.17,0.00033,"TU1052, TU10576, TU10599, TU10813, TU11133, TU1266, TU12971, TU12985, TU13350, TU14821, TU14970, TU14971, TU15616, TU15620, TU16643, TU17099, TU17100, TU17898, TU17900, TU19642, TU19767, TU19769, TU19958, TU20138, TU20702, TU21455, TU21593, TU24615, TU25017, TU25042, TU25130, TU25136, TU25137, TU26007, TU26682, TU28028, TU28308, TU28309, TU2834, TU28711, TU28912, TU29366, TU29784, TU30973, TU30974, TU30975, TU31460, TU3204, TU32253, TU32254, TU32257, TU32486, TU32605, TU32790, TU33279, TU33617, TU33947, TU33948, TU34160, TU34418, TU34427, TU34787, TU34789, TU34790, TU34802, TU34803, TU35243, TU35244, TU35819, TU36438, TU36457, TU36459, TU37068, TU37085, TU3729, TU37354, TU37359, TU37962, TU38524, TU38807, TU39652, TU3982, TU40361, TU40829, TU41182, TU41592, TU42477, TU42614, TU43374, TU43421, TU43597, TU4450, TU45041, TU45050, TU45592, TU4565, TU546, TU7500, TU8152, TU8193, TU827, TU8774, TU9186, TU9187, TU9188, TU9189, TU9190, TU9191, TU9192, TU9262, TU9687","Shared_No_Interaction"
"GO:0006753","nucleoside phosphate metabolic process",400,37,28.9,0.00053,"TU10746, TU11299, TU1229, TU13113, TU13519, TU16182, TU16467, TU19024, TU20622, TU21689, TU21690, TU22558, TU24600, TU26329, TU29657, TU29700, TU31239, TU32097, TU32359, TU32792, TU33401, TU33402, TU35248, TU35249, TU37074, TU37844, TU40743, TU43758, TU44053, TU44054, TU45127, TU7479, TU8302, TU8323, TU8599, TU8866, TU9869","Shared_No_Interaction"
"GO:0022904","respiratory electron transport chain",40,18,2.89,0.00055,"TU11800, TU12297, TU13373, TU14739, TU15821, TU21182, TU25202, TU35976, TU35977, TU36519, TU37918, TU39683, TU39704, TU39730, TU41231, TU43242, TU4929, TU8563","Shared_No_Interaction"
"GO:0072599","establishment of protein localization to...",12,6,0.87,0.00057,"TU13984, TU22417, TU22453, TU22980, TU31077, TU43619","Shared_No_Interaction"
"GO:1903317","regulation of protein maturation",4,3,0.29,0.00064,"TU30973, TU30974, TU30975","Shared_No_Interaction"
"GO:0009251","glucan catabolic process",26,16,1.88,0.00077,"TU16536, TU16537, TU16538, TU30403, TU30635, TU4840, TU4841, TU4843, TU4845, TU4846, TU4847, TU4848, TU4849, TU4850, TU4851, TU7761","Shared_No_Interaction"
"GO:1901642","nucleoside transmembrane transport",45,11,3.25,0.00097,"TU13595, TU16071, TU20776, TU20777, TU20778, TU21813, TU28614, TU28903, TU29175, TU29186, TU42378","Shared_No_Interaction"
"GO:0070972","protein localization to endoplasmic reti...",17,7,1.23,0.00143,"TU13984, TU22417, TU22453, TU22980, TU31077, TU43619, TU7051","Shared_No_Interaction"
"GO:1903319","positive regulation of protein maturatio...",4,3,0.29,0.00168,"TU30973, TU30974, TU30975","Shared_No_Interaction"
"GO:0045047","protein targeting to ER",12,6,0.87,0.00172,"TU13984, TU22417, TU22453, TU22980, TU31077, TU43619","Shared_No_Interaction"
"GO:0032446","protein modification by small protein co...",230,19,16.62,0.00184,"TU10044, TU1145, TU1266, TU12912, TU12971, TU18046, TU2834, TU2853, TU30471, TU32080, TU36677, TU40045, TU40525, TU40526, TU43597, TU45592, TU6462, TU7728, TU8081","Shared_No_Interaction"
"GO:0006754","ATP biosynthetic process",21,7,1.52,0.00186,"TU1229, TU13113, TU13519, TU16182, TU8302, TU8323, TU8599","Shared_No_Interaction"
"GO:0016053","organic acid biosynthetic process",135,21,9.75,0.00194,"TU1218, TU13941, TU16616, TU18344, TU21577, TU22089, TU24640, TU24817, TU25351, TU27422, TU27423, TU29126, TU33215, TU40931, TU40932, TU42291, TU43618, TU4842, TU6444, TU7957, TU7958","Shared_No_Interaction"
"GO:0006575","cellular modified amino acid metabolic p...",110,18,7.95,0.002,"TU16616, TU21966, TU27919, TU27920, TU35894, TU3641, TU3642, TU3643, TU3647, TU3648, TU3649, TU37686, TU40237, TU41429, TU44963, TU6829, TU7991, TU8782","Shared_No_Interaction"
"GO:0070613","regulation of protein processing",4,3,0.29,0.0025,"TU30973, TU30974, TU30975","Shared_No_Interaction"
"GO:0034453","microtubule anchoring",13,5,0.94,0.00269,"TU15795, TU15796, TU15797, TU15798, TU24298","Shared_No_Interaction"
"GO:0008652","amino acid biosynthetic process",68,13,4.91,0.00271,"TU1218, TU16616, TU18344, TU22089, TU24640, TU24817, TU27422, TU27423, TU29126, TU40931, TU40932, TU43618, TU4842","Shared_No_Interaction"
"GO:0009084","glutamine family amino acid biosynthetic...",23,8,1.66,0.00278,"TU18344, TU24817, TU27422, TU27423, TU29126, TU40931, TU40932, TU43618","Shared_No_Interaction"
"GO:0055085","transmembrane transport",1658,142,119.79,0.00284,"TU10717, TU10722, TU10746, TU11310, TU11332, TU1138, TU1141, TU11951, TU11992, TU12065, TU12187, TU12189, TU12236, TU12237, TU12605, TU12749, TU13172, TU13595, TU13717, TU13984, TU14871, TU15342, TU15682, TU15774, TU16071, TU16382, TU18262, TU19073, TU19203, TU19262, TU19288, TU19297, TU1944, TU20776, TU20777, TU20778, TU21682, TU21813, TU22488, TU2467, TU25413, TU25483, TU25720, TU25721, TU2619, TU26417, TU26623, TU2687, TU26942, TU27609, TU27616, TU27941, TU27942, TU28127, TU28226, TU28595, TU28614, TU28801, TU28903, TU2907, TU29175, TU29186, TU29239, TU29569, TU3023, TU30763, TU3081, TU31, TU31083, TU3137, TU3145, TU3158, TU31689, TU31726, TU31727, TU32376, TU32799, TU32806, TU32908, TU33584, TU33586, TU33780, TU34061, TU3423, TU3432, TU34738, TU35025, TU35237, TU35530, TU35839, TU35976, TU35977, TU36333, TU36890, TU36917, TU36919, TU37185, TU3845, TU3847, TU3852, TU38832, TU39442, TU4032, TU40916, TU41607, TU4206, TU42069, TU42378, TU42568, TU42569, TU42637, TU42797, TU43080, TU43449, TU43546, TU43843, TU43878, TU43962, TU43963, TU44189, TU44274, TU44470, TU44515, TU44663, TU44722, TU44783, TU44827, TU44959, TU45319, TU4878, TU5116, TU569, TU571, TU6197, TU6198, TU6533, TU6795, TU7449, TU8162, TU8269, TU9059, TU9111","Shared_No_Interaction"
"GO:0043473","pigmentation",5,3,0.36,0.00337,"TU21510, TU39881, TU4124","Shared_No_Interaction"
"GO:0032509","endosome transport via multivesicular bo...",9,3,0.65,0.00358,"TU16980, TU35852, TU8193","Shared_No_Interaction"
"GO:0015931","nucleobase-containing compound transport",98,16,7.08,0.00372,"TU12692, TU12693, TU13595, TU16071, TU20776, TU20777, TU20778, TU20873, TU21813, TU23582, TU28614, TU28903, TU29175, TU29186, TU36190, TU42378","Shared_No_Interaction"
"GO:0016054","organic acid catabolic process",66,15,4.77,0.00395,"TU10919, TU16915, TU21510, TU32858, TU32860, TU37458, TU39853, TU39881, TU40754, TU43722, TU45041, TU6444, TU6516, TU810, TU8564","Shared_No_Interaction"
"GO:0046158","ocellus pigment metabolic process",2,2,0.14,0.00395,"TU21510, TU39881","Shared_No_Interaction"
"GO:0010954","positive regulation of protein processin...",4,3,0.29,0.0046,"TU30973, TU30974, TU30975","Shared_No_Interaction"
"GO:0015980","energy derivation by oxidation of organi...",118,30,8.53,0.00543,"TU11800, TU12297, TU13373, TU14739, TU15821, TU16467, TU1666, TU21182, TU25202, TU28535, TU28538, TU28836, TU29657, TU33675, TU35976, TU35977, TU36519, TU37074, TU37918, TU39683, TU39704, TU39730, TU40007, TU40008, TU41231, TU43242, TU45127, TU4929, TU8563, TU8878","Shared_No_Interaction"
"GO:0010257","NADH dehydrogenase complex assembly",7,3,0.51,0.00556,"TU17315, TU2266, TU8578","Shared_No_Interaction"
"GO:0006730","one-carbon metabolic process",29,7,2.1,0.006,"TU16616, TU18933, TU20308, TU27919, TU27920, TU27921, TU44963","Shared_No_Interaction"
"GO:1901264","carbohydrate derivative transport",64,11,4.62,0.0062,"TU13595, TU16071, TU20776, TU20777, TU20778, TU21813, TU28614, TU28903, TU29175, TU29186, TU42378","Shared_No_Interaction"
"GO:0019693","ribose phosphate metabolic process",193,20,13.94,0.00669,"TU10746, TU1229, TU13113, TU13519, TU16182, TU19024, TU22558, TU24600, TU32359, TU33401, TU33402, TU35248, TU35249, TU40743, TU43758, TU7479, TU8302, TU8323, TU8599, TU8866","Shared_No_Interaction"
"GO:0044282","small molecule catabolic process",95,18,6.86,0.00768,"TU10919, TU16915, TU21510, TU23856, TU26532, TU3103, TU32858, TU32860, TU37458, TU39853, TU39881, TU40754, TU43722, TU45041, TU6444, TU6516, TU810, TU8564","Shared_No_Interaction"
"GO:0034976","response to endoplasmic reticulum stress",18,3,1.3,0.00783,"TU18538, TU29366, TU4565","Shared_No_Interaction"
"GO:0006560","proline metabolic process",18,7,1.3,0.00789,"TU18344, TU27422, TU27423, TU40931, TU40932, TU43618, TU6516","Shared_No_Interaction"
"GO:0006099","tricarboxylic acid cycle",46,9,3.32,0.00796,"TU16467, TU1666, TU28535, TU28538, TU28836, TU29657, TU33675, TU40007, TU40008","Shared_No_Interaction"
"GO:0006414","translational elongation",33,7,2.38,0.008,"TU12644, TU1333, TU17130, TU22980, TU30725, TU39917, TU7890","Shared_No_Interaction"
"GO:0006665","sphingolipid metabolic process",49,8,3.54,0.0085,"TU30609, TU30879, TU39226, TU39229, TU39230, TU39232, TU40081, TU45434","Shared_No_Interaction"
"GO:0006612","protein targeting to membrane",17,6,1.23,0.00889,"TU13984, TU22417, TU22453, TU22980, TU31077, TU43619","Shared_No_Interaction"
"GO:0022900","electron transport chain",88,24,6.36,0.00895,"TU11800, TU12297, TU12689, TU13373, TU14739, TU15821, TU21182, TU25150, TU25202, TU27532, TU28836, TU35976, TU35977, TU36519, TU37918, TU39683, TU39704, TU39730, TU41231, TU43242, TU4929, TU6279, TU8563, TU8578","Shared_No_Interaction"
"GO:0042436","indole-containing compound catabolic pro...",2,2,0.14,0.00962,"TU21510, TU39881","Shared_No_Interaction"
"GO:0006266","DNA ligation",6,2,0.04,0.00015,"TU27627, TU27631","Shared_With_Interaction"
"GO:0120009","intermembrane lipid transfer",6,2,0.04,0.00247,"TU4426, TU4427","Shared_With_Interaction"
"GO:0032388","positive regulation of intracellular tra...",1,1,0.01,0.00257,"TU32865","Shared_With_Interaction"
"GO:0005975","carbohydrate metabolic process",515,10,3.32,0.00376,"TU16539, TU17180, TU23053, TU24042, TU24046, TU29894, TU35645, TU42454, TU4678, TU8718","Shared_With_Interaction"
"GO:0003400","regulation of COPII vesicle coating",1,1,0.01,0.00719,"TU32865","Shared_With_Interaction"
"GO:0033157","regulation of intracellular protein tran...",1,1,0.01,0.00781,"TU32865","Shared_With_Interaction"
"GO:0090316","positive regulation of intracellular pro...",1,1,0.01,0.0081,"TU32865","Shared_With_Interaction"
"GO:0032527","protein exit from endoplasmic reticulum",1,1,0.01,0.00816,"TU32865","Shared_With_Interaction"
